,Name,Location,Year,Kilometers_Driven,Fuel_Type,Transmission,Owner_Type,Mileage,Engine,Power,Seats,New_Price,LIFE GRADE
0,Maruti Alto K10 LXI CNG,Delhi,2014,40929,CNG,Manual,First,32.26 km/kg,998 CC,58.2 bhp,4,,B
1,Maruti Alto 800 2016-2019 LXI,Coimbatore,2013,54493,Petrol,Manual,Second,24.7 kmpl,796 CC,47.3 bhp,5,,C
2,Toyota Innova Crysta Touring Sport 2.4 MT,Mumbai,2017,34000,Diesel,Manual,First,13.68 kmpl,2393 CC,147.8 bhp,7,25.27 Lakh,D
3,Toyota Etios Liva GD,Hyderabad,2012,139000,Diesel,Manual,First,23.59 kmpl,1364 CC,null bhp,5,,E
4,Hyundai i20 Magna,Mumbai,2014,29000,Petrol,Manual,First,18.5 kmpl,1197 CC,82.85 bhp,5,,B
5,Mahindra XUV500 W8 2WD,Coimbatore,2016,85609,Diesel,Manual,Second,16.0 kmpl,2179 CC,140 bhp,7,,C
6,Toyota Fortuner 4x2 AT TRD Sportivo,Pune,2015,59000,Diesel,Automatic,First,12.55 kmpl,2982 CC,168.7 bhp,7,,E
7,Hyundai EON Era Plus,Jaipur,2013,65000,Petrol,Manual,First,21.1 kmpl,814 CC,55.2 bhp,5,,C
8,Honda City 1.5 S MT,Mumbai,2011,66000,Petrol,Manual,Second,17.0 kmpl,1497 CC,118 bhp,5,,C
9,Mahindra XUV500 W6 2WD,Coimbatore,2015,54684,Diesel,Manual,First,15.1 kmpl,2179 CC,140 bhp,7,,D
10,Audi Q5 2008-2012 2.0 TDI,Mumbai,2012,78000,Diesel,Automatic,Second,12.8 kmpl,1968 CC,167.6 bhp,5,,E
11,Hyundai Grand i10 Magna,Jaipur,2016,21000,Petrol,Manual,First,18.9 kmpl,1197 CC,82 bhp,5,,A
12,Toyota Corolla H5,Chennai,2007,90000,Petrol,Manual,Third,13.4 kmpl,1794 CC,125 bhp,5,,D
13,Maruti Swift Vdi BSIII,Coimbatore,2008,87628,Diesel,Manual,First,17.8 kmpl,1248 CC,75 bhp,5,,D
14,Nissan Terrano XL,Mumbai,2014,45000,Petrol,Manual,First,13.24 kmpl,1598 CC,102.5 bhp,5,,B
15,BMW X1 sDrive20d,Coimbatore,2013,30788,Diesel,Automatic,First,17.05 kmpl,1995 CC,184 bhp,5,,D
16,BMW 3 Series GT 320d Luxury Line,Hyderabad,2015,39524,Diesel,Automatic,First,19.59 kmpl,1995 CC,184 bhp,5,,D
17,Ford Ikon 1.4 TDCi DuraTorq,Chennai,2009,140000,Diesel,Manual,First,13.8 kmpl,1399 CC,68 bhp,5,,E
18,Maruti Swift AMT ZXI,Kochi,2019,15409,Petrol,Automatic,First,22.0 kmpl,1197 CC,81.80 bhp,5,,B
19,Maruti Swift Dzire VXi,Jaipur,2015,36502,Petrol,Manual,First,17.5 kmpl,1298 CC,85.8 bhp,5,,B
20,Maruti Ritz LDi,Pune,2016,200000,Diesel,Manual,First,23.2 kmpl,1248 CC,73.94 bhp,5,,E
21,Nissan Micra XV,Delhi,2010,70000,Petrol,Manual,First,18.06 kmpl,1198 CC,75 bhp,5,,D
22,Maruti Alto 800 2016-2019 LXI,Kochi,2017,36701,Petrol,Manual,First,24.7 kmpl,796 CC,47.3 bhp,5,,B
23,Skoda Laura 1.8 TSI Ambition,Bangalore,2009,72000,Petrol,Manual,Second,17.5 kmpl,,,,,D
24,Honda Civic 2010-2013 1.8 S MT Inspire,Bangalore,2011,40000,Petrol,Manual,Second,15.5 kmpl,1799 CC,132 bhp,5,,B
25,Ford Ikon 1.3 Flair,Pune,2005,47000,Petrol,Manual,Second,13.8 kmpl,1299 CC,70 bhp,5,,C
26,Maruti Alto LX,Pune,2006,93500,Petrol,Manual,Second,19.7 kmpl,796 CC,46.3 bhp,5,,D
27,Honda Jazz 1.5 V i DTEC,Pune,2015,52000,Diesel,Manual,First,27.3 kmpl,1498 CC,98.6 bhp,5,,D
28,Skoda Rapid 1.5 TDI AT Ambition,Delhi,2015,55429,Diesel,Automatic,Second,21.66 kmpl,1498 CC,103.52 bhp,5,,E
29,Hyundai i20 1.2 Sportz,Mumbai,2011,133000,Petrol,Manual,Second,17.0 kmpl,1197 CC,80 bhp,5,,D
30,Toyota Etios Cross 1.4L VD,Chennai,2014,70000,Diesel,Manual,Second,23.59 kmpl,1364 CC,67.06 bhp,5,9.27 Lakh,D
31,Volkswagen Polo GT TDI,Pune,2014,68000,Diesel,Manual,First,15.11 kmpl,1598 CC,103.6 bhp,5,,D
32,Hyundai i10 Era 1.1 iTech SE,Pune,2010,71000,Petrol,Manual,Second,19.81 kmpl,1086 CC,68.05 bhp,5,,D
33,Mitsubishi Pajero 2.8 SFX,Chennai,2012,121000,Diesel,Manual,First,10.5 kmpl,2835 CC,107.2 bhp,6,,E
34,Maruti Swift Dzire Tour LDI,Kolkata,2015,107000,Diesel,Manual,First,23.4 kmpl,1248 CC,74 bhp,5,,E
35,Maruti Swift Dzire VXI,Chennai,2015,51000,Petrol,Manual,First,19.1 kmpl,1197 CC,85.8 bhp,5,,C
36,Skoda Rapid 1.6 MPI AT Style,Mumbai,2017,13500,Petrol,Automatic,First,14.84 kmpl,1598 CC,103.52 bhp,5,14.95 Lakh,B
37,Hyundai Creta 1.6 SX Plus Dual Tone Petrol,Bangalore,2016,13000,Petrol,Manual,First,15.29 kmpl,1591 CC,121.3 bhp,5,,A
38,Toyota Innova 2.5 G (Diesel) 7 Seater BS IV,Pune,2010,81000,Diesel,Manual,First,12.8 kmpl,2494 CC,102 bhp,8,,D
39,BMW 5 Series 520d Luxury Line,Mumbai,2012,66889,Diesel,Automatic,First,22.48 kmpl,1995 CC,190 bhp,5,70.43 Lakh,D
40,Maruti Baleno Alpha 1.3,Ahmedabad,2018,32000,Diesel,Manual,First,27.39 kmpl,1248 CC,74 bhp,5,,C
41,Audi A4 2.0 TDI 177 Bhp Technology Edition,Pune,2013,87001,Diesel,Automatic,First,17.11 kmpl,1968 CC,174.33 bhp,5,,D
42,Audi A4 2.0 TDI Multitronic,Hyderabad,2013,55000,Diesel,Automatic,Second,16.55 kmpl,1968 CC,140 bhp,5,,C
43,Skoda Rapid 1.6 MPI Ambition,Jaipur,2018,4000,Petrol,Manual,First,15.41 kmpl,1598 CC,103.52 bhp,5,11.89 Lakh,A
44,Maruti Ertiga SHVS VDI,Kochi,2017,27778,Diesel,Manual,First,24.52 kmpl,1248 CC,88.5 bhp,7,,C
45,Maruti Ciaz 1.4 Zeta,Mumbai,2017,5000,Petrol,Manual,First,20.73 kmpl,1373 CC,91.1 bhp,5,,A
46,Maruti Ciaz ZXi,Pune,2014,72000,Petrol,Manual,First,20.73 kmpl,1373 CC,91.1 bhp,5,,C
47,Mercedes-Benz A Class A200 CDI Sport,Chennai,2015,21000,Diesel,Automatic,First,20.0 kmpl,2143 CC,136 bhp,5,,C
48,Toyota Innova 2.5 ZX Diesel 7 Seater,Kochi,2015,59299,Diesel,Manual,First,12.99 kmpl,2494 CC,100.6 bhp,7,,D
49,BMW 3 Series 320d Prestige,Ahmedabad,2014,75000,Diesel,Automatic,First,18.88 kmpl,1995 CC,184 bhp,5,,E
50,Maruti Alto 800 2016-2019 LXI,Kochi,2019,3413,Petrol,Manual,First,24.7 kmpl,796 CC,47.3 bhp,5,,A
51,Ford Ecosport 1.5 DV5 MT Titanium,Mumbai,2014,62000,Diesel,Manual,First,22.7 kmpl,1498 CC,89.84 bhp,5,,D
52,Ford Endeavour 3.0L 4X4 AT,Mumbai,2010,105001,Diesel,Automatic,First,11.4 kmpl,2953 CC,153.86 bhp,7,,E
53,Audi Q5 2.0 TDI,Mumbai,2013,89000,Diesel,Automatic,First,14.16 kmpl,1968 CC,174.3 bhp,5,,E
54,Hyundai Verna 1.6 SX VTVT,Mumbai,2014,21000,Petrol,Manual,First,17.01 kmpl,1591 CC,121.3 bhp,5,,B
55,Mahindra XUV500 W8 4WD,Kolkata,2014,50000,Diesel,Manual,First,15.1 kmpl,2179 CC,140 bhp,7,,C
56,Maruti Vitara Brezza ZDi,Hyderabad,2016,70687,Diesel,Manual,First,24.3 kmpl,1248 CC,88.5 bhp,5,11.02 Lakh,D
57,Toyota Etios Liva 1.4 VXD,Pune,2016,104350,Diesel,Manual,First,23.59 kmpl,1364 CC,67.04 bhp,5,8.94 Lakh,E
58,Tata Indigo CS LX (TDI) BS III,Chennai,2011,150000,Diesel,Manual,Second,19.09 kmpl,1396 CC,69 bhp,5,,E
59,Honda City ZX GXi,Delhi,2008,81000,Petrol,Manual,First,17.7 kmpl,1497 CC,78 bhp,5,,C
60,Toyota Corolla Altis G,Kolkata,2008,89000,Petrol,Manual,Second,14.53 kmpl,1798 CC,138.1 bhp,5,,D
61,Hyundai Grand i10 Asta,Kochi,2017,35223,Petrol,Manual,First,18.9 kmpl,1197 CC,82 bhp,5,,B
62,Hyundai i20 Sportz 1.2,Kolkata,2015,48000,Petrol,Manual,First,18.6 kmpl,1197 CC,81.83 bhp,5,,B
63,Volkswagen Polo 1.5 TDI Comfortline,Delhi,2015,60000,Diesel,Manual,First,20.14 kmpl,1498 CC,88.8 bhp,5,,C
64,Maruti Celerio X VXI Option,Mumbai,2018,7000,Petrol,Manual,First,23.0 kmpl,998 CC,67 bhp,5,5.78 Lakh,A
65,Chevrolet Sail Hatchback 1.2,Kochi,2015,47572,Petrol,Manual,First,18.2 kmpl,1199 CC,82.5 bhp,5,,B
66,Mahindra Scorpio VLX Special Edition BS-IV,Delhi,2010,72727,Diesel,Manual,Second,15.4 kmpl,2179 CC,120 bhp,8,,D
67,Volkswagen Ameo 1.5 TDI Comfortline,Mumbai,2018,4708,Diesel,Manual,First,21.66 kmpl,1498 CC,108.62 bhp,5,9.4 Lakh,C
68,Maruti Wagon R LXI,Delhi,2009,55000,Petrol,Manual,Second,18.9 kmpl,998 CC,67.1 bhp,5,,C
69,Honda Brio S Option MT,Coimbatore,2013,44198,Petrol,Manual,Second,18.4 kmpl,1198 CC,86.8 bhp,5,,B
70,Maruti Ertiga VXI,Ahmedabad,2015,35000,Petrol,Manual,First,16.02 kmpl,1373 CC,93.7 bhp,7,,B
71,Hyundai Santro Xing GL,Ahmedabad,2013,63831,Petrol,Manual,First,0.0 kmpl,1086 CC,62 bhp,5,,B
72,Ford Figo Aspire 1.2 Ti-VCT Titanium,Delhi,2017,17540,Petrol,Manual,First,18.16 kmpl,1196 CC,86.8 bhp,5,,A
73,Tata Tiago AMT 1.2 Revotron XTA,Mumbai,2017,14000,Petrol,Automatic,First,23.84 kmpl,1199 CC,84 bhp,5,6.3 Lakh,B
74,Hyundai Santro Xing XL,Bangalore,2007,47000,Petrol,Manual,Second,0.0 kmpl,1086 CC,null bhp,5,,B
75,Chevrolet Beat LT,Chennai,2010,75422,Petrol,Manual,Second,18.6 kmpl,1199 CC,79.4 bhp,5,,C
76,Nissan Micra Diesel XV,Hyderabad,2011,67000,Diesel,Manual,Second,23.08 kmpl,1461 CC,63.1 bhp,5,,D
77,Toyota Innova 2.5 GX (Diesel) 8 Seater,Delhi,2013,79999,Diesel,Manual,First,12.99 kmpl,2494 CC,100 bhp,8,,D
78,Hyundai Xcent 1.2 VTVT E,Kolkata,2017,5044,Petrol,Manual,First,20.14 kmpl,1197 CC,81.86 bhp,5,6.41 Lakh,A
79,Maruti Ciaz VXi,Kolkata,2016,31601,Petrol,Manual,First,20.73 kmpl,1373 CC,91.1 bhp,5,,C
80,BMW 5 Series 2013-2017 520d Luxury Line,Delhi,2014,70000,Diesel,Automatic,First,18.12 kmpl,1995 CC,190 bhp,5,,E
81,Toyota Camry Hybrid 2.5,Ahmedabad,2016,16000,Petrol,Automatic,First,19.16 kmpl,2487 CC,175.67 bhp,5,40.62 Lakh,B
82,Toyota Corolla Altis D-4D G,Mumbai,2016,31700,Diesel,Manual,First,21.43 kmpl,1364 CC,87.2 bhp,5,,C
83,Hyundai Verna 1.6 SX CRDi (O),Kochi,2014,76969,Diesel,Manual,First,22.32 kmpl,1582 CC,126.32 bhp,5,,D
84,Volkswagen Vento 1.5 TDI Highline AT,Kolkata,2015,37000,Diesel,Automatic,First,21.21 kmpl,1498 CC,103.2 bhp,5,,D
85,Nissan Teana XL,Mumbai,2014,23000,Petrol,Automatic,First,11.07 kmpl,2496 CC,179.5 bhp,5,,B
86,Hyundai i20 1.2 Sportz Option,Coimbatore,2014,59098,Petrol,Manual,Second,17.0 kmpl,1197 CC,80 bhp,5,,D
87,Tata Manza Club Class Safire90 LX,Kochi,2010,142299,Petrol,Manual,First,13.07 kmpl,1368 CC,88.76 bhp,5,,D
88,Ford Figo Diesel ZXI,Jaipur,2011,75731,Diesel,Manual,First,20.0 kmpl,1399 CC,68 bhp,5,,D
89,Hyundai i20 Asta 1.2,Coimbatore,2017,69627,Petrol,Manual,First,18.6 kmpl,1197 CC,81.83 bhp,5,,C
90,Ford Fiesta Classic 1.6 SXI Duratec,Mumbai,2011,49000,Petrol,Manual,First,15.3 kmpl,1596 CC,99.6 bhp,5,,B
91,Mercedes-Benz B Class B180 Sports,Mumbai,2015,25700,Petrol,Automatic,First,11.9 kmpl,1595 CC,120.7 bhp,5,,B
92,Hyundai i20 Magna,Delhi,2012,80800,Petrol,Manual,First,18.5 kmpl,1197 CC,82.85 bhp,5,,C
93,Maruti Swift Dzire VDI,Hyderabad,2013,110896,Diesel,Manual,First,23.4 kmpl,1248 CC,74 bhp,5,,D
94,Hyundai Santro Xing GLS,Kolkata,2009,62261,Petrol,Manual,First,17.92 kmpl,1086 CC,62.1 bhp,5,,B
95,Maruti Baleno Alpha,Kochi,2017,27610,Petrol,Manual,First,21.4 kmpl,1197 CC,83.1 bhp,5,8.8 Lakh,C
96,Honda Accord 2.4 Elegance M/T,Kochi,2011,89219,Petrol,Manual,First,10.2 kmpl,2354 CC,180 bhp,5,,B
97,Nissan Micra XL CVT,Hyderabad,2018,6700,Petrol,Automatic,First,19.34 kmpl,1198 CC,75.94 bhp,5,,B
98,Maruti Zen Estilo LXI BS IV,Pune,2011,51599,Petrol,Manual,First,19.0 kmpl,998 CC,67.1 bhp,5,,B
99,Hyundai Elantra CRDi SX,Kolkata,2013,37489,Diesel,Manual,First,22.7 kmpl,1582 CC,126.24 bhp,5,,C
100,Tata Indica V2 DiCOR DLG BS-III,Mumbai,2016,98000,Diesel,Manual,First,17.5 kmpl,1396 CC,70 bhp,5,,E
101,Tata Nano Lx,Hyderabad,2012,25183,Petrol,Manual,First,26.0 kmpl,624 CC,35 bhp,4,,A
102,BMW 5 Series 2013-2017 520d Luxury Line,Bangalore,2015,52100,Diesel,Automatic,Second,18.12 kmpl,1995 CC,190 bhp,5,,D
103,Honda Amaze S i-Dtech,Pune,2014,60000,Diesel,Manual,First,25.8 kmpl,1498 CC,98.6 bhp,5,,D
104,Volkswagen Polo Diesel Highline 1.2L,Kolkata,2013,51000,Diesel,Manual,First,22.07 kmpl,1199 CC,73.9 bhp,5,,C
105,Tata Indica Vista Quadrajet LX,Mumbai,2012,70000,Diesel,Manual,First,22.3 kmpl,1248 CC,74 bhp,5,,D
106,Audi Q3 30 TDI S Edition,Jaipur,2015,95000,Diesel,Manual,First,17.32 kmpl,1968 CC,138.13 bhp,5,,E
107,Honda City i DTEC SV,Jaipur,2014,66346,Diesel,Manual,First,26.0 kmpl,1498 CC,98.6 bhp,5,,D
108,Honda Amaze SX i-DTEC,Hyderabad,2015,69150,Diesel,Manual,First,25.8 kmpl,1498 CC,98.6 bhp,5,,D
109,Hyundai i20 Asta Option 1.2,Bangalore,2016,31000,Petrol,Manual,First,18.6 kmpl,1197 CC,81.83 bhp,5,,B
110,BMW 5 Series 2013-2017 520d Luxury Line,Bangalore,2013,49000,Diesel,Automatic,Second,18.12 kmpl,1995 CC,190 bhp,5,,D
111,Honda Brio S MT,Kochi,2014,63058,Petrol,Manual,First,19.4 kmpl,1198 CC,86.8 bhp,5,,C
112,Mercedes-Benz New C-Class C 250 CDI Avantgarde,Delhi,2016,22000,Diesel,Automatic,First,19.71 kmpl,2143 CC,201.15 bhp,5,,C
113,Volkswagen Polo 1.2 MPI Highline,Coimbatore,2015,73026,Petrol,Manual,First,16.47 kmpl,1198 CC,74 bhp,5,,C
114,Hyundai i10 Magna AT,Coimbatore,2011,21762,Petrol,Automatic,Second,19.2 kmpl,1197 CC,80 bhp,5,,B
115,Hyundai Verna 1.6 SX VTVT,Coimbatore,2018,29738,Petrol,Manual,First,17.01 kmpl,1591 CC,121.3 bhp,5,,B
116,Hyundai i20 1.2 Magna Executive,Mumbai,2018,16053,Petrol,Manual,First,18.6 kmpl,1197 CC,81.83 bhp,5,,A
117,BMW 5 Series 525d Sedan,Kochi,2012,61665,Diesel,Automatic,First,16.73 kmpl,2993 CC,218 bhp,5,,D
118,Maruti Swift Dzire Vdi BSIV,Delhi,2015,51000,Diesel,Manual,First,19.3 kmpl,1248 CC,73.9 bhp,5,,C
119,Honda BRV i-DTEC V MT,Bangalore,2016,34820,Diesel,Manual,First,21.9 kmpl,1498 CC,98.6 bhp,7,15.59 Lakh,C
120,Maruti Ertiga VXI,Mumbai,2018,12000,Petrol,Manual,First,17.5 kmpl,1373 CC,91.1 bhp,7,,A
121,Maruti Swift Dzire VDI Optional,Hyderabad,2017,32287,Diesel,Manual,First,26.59 kmpl,1248 CC,74 bhp,5,,C
122,Toyota Etios Liva GD,Jaipur,2012,121134,Diesel,Manual,First,23.59 kmpl,1364 CC,null bhp,5,,E
123,BMW X3 xDrive20d,Coimbatore,2015,74485,Diesel,Automatic,First,16.09 kmpl,1995 CC,184 bhp,5,,E
124,Chevrolet Beat Diesel LS,Chennai,2011,63000,Diesel,Manual,First,25.44 kmpl,936 CC,57.6 bhp,5,,D
125,Audi Q3 30 TDI Premium FWD,Coimbatore,2018,53190,Diesel,Automatic,First,18.51 kmpl,1968 CC,147.51 bhp,5,44.8 Lakh,D
126,Mercedes-Benz GL-Class 2007 2012 350 CDI Luxury,Bangalore,2016,26900,Diesel,Automatic,First,12.0 kmpl,2987 CC,224 bhp,7,,C
127,BMW 3 Series GT 320d Sport Line,Hyderabad,2015,40000,Diesel,Automatic,First,19.59 kmpl,1995 CC,184 bhp,5,,D
128,Hyundai Grand i10 Asta Option,Coimbatore,2016,40587,Petrol,Manual,First,18.9 kmpl,1197 CC,82 bhp,5,,C
129,Hyundai Grand i10 Asta,Hyderabad,2015,27000,Petrol,Manual,First,18.9 kmpl,1197 CC,82 bhp,5,,B
130,Toyota Etios Liva VD,Coimbatore,2016,29108,Diesel,Manual,First,23.59 kmpl,1364 CC,67.04 bhp,5,,C
131,Datsun GO T Petrol,Mumbai,2015,18000,Petrol,Manual,First,19.83 kmpl,1198 CC,67 bhp,5,5.74 Lakh,A
132,Maruti Ignis 1.2 Alpha,Kolkata,2017,10500,Petrol,Manual,First,20.89 kmpl,1197 CC,81.80 bhp,5,7.43 Lakh,A
133,Maruti A-Star Zxi,Chennai,2009,60000,Petrol,Manual,Third,19.0 kmpl,998 CC,66.1 bhp,5,,D
134,Honda Civic 2010-2013 1.8 V AT Sunroof,Pune,2011,61000,Petrol,Automatic,Third,13.9 kmpl,1799 CC,130.3 bhp,5,,D
135,Maruti Alto 800 LXI,Kolkata,2017,5000,Petrol,Manual,First,22.74 kmpl,796 CC,47.3 bhp,5,,A
136,Jaguar XE 2.0L Diesel Prestige,Pune,2018,24001,Diesel,Automatic,First,13.6 kmpl,1999 CC,177 bhp,5,52.96 Lakh,C
137,Hyundai i20 1.4 CRDi Sportz,Hyderabad,2011,76000,Diesel,Manual,First,23.0 kmpl,1396 CC,90 bhp,5,,D
138,Ford EcoSport 1.0 Ecoboost Titanium Plus,Hyderabad,2014,56000,Petrol,Manual,First,18.88 kmpl,999 CC,123.24 bhp,5,,C
139,Mahindra KUV 100 mFALCON G80 K4 5str,Mumbai,2016,30000,Petrol,Manual,First,18.15 kmpl,1198 CC,82 bhp,5,,B
140,Maruti Vitara Brezza VDi Option,Hyderabad,2017,44263,Diesel,Manual,First,24.3 kmpl,1248 CC,88.5 bhp,5,,C
141,Ford Figo Diesel ZXI,Hyderabad,2011,97899,Diesel,Manual,First,20.0 kmpl,1399 CC,68 bhp,5,,C
142,Volkswagen Vento Diesel Highline,Jaipur,2011,157301,Diesel,Manual,Second,20.54 kmpl,1598 CC,103.6 bhp,5,,E
143,Ford Fiesta 1.4 SXI Duratorq,Jaipur,2008,135000,Diesel,Manual,First,17.8 kmpl,1399 CC,null bhp,5,,E
144,Fiat Avventura FIRE Dynamic,Pune,2016,35000,Petrol,Manual,Second,14.4 kmpl,1368 CC,88.8 bhp,5,,C
145,Honda Civic 2006-2010 1.8 V MT,Pune,2009,106000,Petrol,Manual,First,13.5 kmpl,1799 CC,130 bhp,5,,B
146,Honda CR-V Diesel,Kolkata,2016,121590,Diesel,Manual,First,18.0 kmpl,2000 CC,148 bhp,5,,E
147,Maruti Wagon R LXI,Delhi,2012,64692,Petrol,Manual,First,22.5 kmpl,998 CC,67.04 bhp,5,4.59 Lakh,C
148,Hyundai i10 Magna,Mumbai,2010,41000,Petrol,Manual,First,20.36 kmpl,1197 CC,78.9 bhp,5,,B
149,Volkswagen Ameo 1.5 TDI Highline AT,Coimbatore,2018,25143,Diesel,Automatic,First,22.0 kmpl,1498 CC,108.495 bhp,5,,C
150,Volkswagen Vento Diesel Highline,Ahmedabad,2011,51000,Diesel,Manual,First,20.54 kmpl,1598 CC,103.6 bhp,5,,D
151,Hyundai Accent CRDi,Pune,2005,109000,Diesel,Manual,Second,13.1 kmpl,1493 CC,82 bhp,5,,E
152,Ford Ecosport 1.5 DV5 MT Titanium Optional,Kochi,2015,69062,Diesel,Manual,First,22.7 kmpl,1498 CC,89.84 bhp,5,,D
153,Jaguar XF 2.2 Litre Luxury,Kochi,2015,34386,Diesel,Automatic,First,16.36 kmpl,2179 CC,187.7 bhp,5,,D
154,Maruti Baleno Alpha 1.2,Delhi,2016,20185,Petrol,Manual,First,21.4 kmpl,1197 CC,83.1 bhp,5,,A
155,Hyundai Grand i10 CRDi Magna,Hyderabad,2013,41585,Diesel,Manual,First,24.0 kmpl,1120 CC,70 bhp,5,,C
156,Hyundai EON Era,Kolkata,2011,24000,Petrol,Manual,First,21.1 kmpl,814 CC,55.2 bhp,5,,A
157,Mercedes-Benz E-Class 2015-2017 E250 Edition E,Bangalore,2016,40000,Diesel,Automatic,First,15.0 kmpl,2143 CC,204 bhp,5,,D
158,Mercedes-Benz M-Class ML 350 4Matic,Bangalore,2012,37000,Diesel,Automatic,First,0.0 kmpl,2987 CC,165 bhp,5,,C
159,Ford EcoSport 1.5 Diesel Titanium,Chennai,2015,67630,Diesel,Manual,First,23.0 kmpl,1498 CC,98.96 bhp,5,11.48 Lakh,D
160,Maruti Celerio VXI AT,Coimbatore,2016,24192,Petrol,Automatic,First,23.1 kmpl,998 CC,67.04 bhp,5,,B
161,Maruti Vitara Brezza VDi Option,Hyderabad,2017,32248,Diesel,Manual,First,24.3 kmpl,1248 CC,88.5 bhp,5,,C
162,Mahindra Xylo E9,Mumbai,2013,28000,Diesel,Manual,First,13.0 kmpl,2179 CC,120 bhp,8,,C
163,Hyundai Creta 1.6 SX Automatic,Kochi,2018,36471,Petrol,Automatic,First,14.8 kmpl,1591 CC,121.3 bhp,5,15.93 Lakh,C
164,Honda Mobilio V i VTEC,Kochi,2015,69689,Petrol,Manual,First,17.3 kmpl,1497 CC,117.3 bhp,7,,C
165,Mercedes-Benz GL-Class 350 CDI Blue Efficiency,Kochi,2015,69095,Diesel,Automatic,First,11.3 kmpl,2987 CC,254.8 bhp,7,,E
166,Hyundai i20 Magna,Kolkata,2010,46000,Petrol,Manual,First,18.5 kmpl,1197 CC,80 bhp,5,,B
167,Mercedes-Benz S Class 2005 2013 S 350 L,Mumbai,2008,65000,Petrol,Automatic,Third,10.13 kmpl,3498 CC,364.9 bhp,5,,C
168,Volkswagen Vento 1.5 TDI Highline,Chennai,2015,119258,Diesel,Manual,First,20.64 kmpl,1498 CC,108.5 bhp,5,14.32 Lakh,E
169,Mercedes-Benz E-Class E250 CDI Avantgrade,Bangalore,2015,38339,Diesel,Automatic,First,13.0 kmpl,2143 CC,201.1 bhp,5,,D
170,Toyota Etios V,Mumbai,2012,59503,Petrol,Manual,First,16.78 kmpl,1496 CC,88.73 bhp,5,,C
171,Tata Indica Vista Aqua TDI BSIII,Chennai,2010,93600,Diesel,Manual,Third,17.0 kmpl,1405 CC,71 bhp,5,,D
172,Volkswagen Passat 1.8 TSI MT,Coimbatore,2011,58865,Petrol,Manual,First,14.3 kmpl,1798 CC,160 bhp,5,,C
173,Maruti Alto LXi,Coimbatore,2012,64631,Petrol,Manual,First,19.7 kmpl,796 CC,46.3 bhp,5,,C
174,Skoda Laura 1.9 TDI MT Elegance,Pune,2007,124298,Diesel,Manual,Second,17.0 kmpl,1896 CC,105 bhp,5,,E
175,Maruti Wagon R LX,Jaipur,2003,50000,Petrol,Manual,Second,18.9 kmpl,998 CC,67.1 bhp,5,,C
176,Nissan Sunny 2011-2014 Diesel XV,Kolkata,2013,40001,Diesel,Manual,First,21.64 kmpl,1461 CC,84.8 bhp,5,,C
177,Honda Brio VX,Bangalore,2015,62659,Petrol,Manual,First,19.4 kmpl,1198 CC,86.8 bhp,5,,C
178,Hyundai i10 Sportz,Kochi,2014,68138,Petrol,Manual,First,20.36 kmpl,1197 CC,78.9 bhp,5,,C
179,Mercedes-Benz M-Class ML 250 CDI,Mumbai,2014,34000,Diesel,Automatic,First,15.26 kmpl,2143 CC,203.2 bhp,5,,D
180,Volkswagen Vento Petrol Comfortline,Mumbai,2013,67000,Petrol,Manual,First,15.04 kmpl,1598 CC,103.6 bhp,5,,C
181,Honda Mobilio S i DTEC,Delhi,2015,64141,Diesel,Manual,First,24.2 kmpl,1498 CC,98.6 bhp,7,,D
182,Maruti Alto LXI,Kolkata,2019,1000,Petrol,Manual,First,24.7 kmpl,796 CC,47.3 bhp,5,3.99 Lakh,A
183,Mercedes-Benz E-Class E250 CDI Avantgrade,Mumbai,2013,42000,Diesel,Automatic,First,13.0 kmpl,2143 CC,201.1 bhp,5,,D
184,Honda City ZX VTEC Plus,Coimbatore,2009,76677,Petrol,Manual,Third,16.9 kmpl,1497 CC,100 bhp,5,,D
185,Audi A8 L 3.0 TDI quattro,Kochi,2013,66848,Diesel,Automatic,First,11.8 kmpl,2967 CC,246.7 bhp,5,,E
186,Hyundai Santro Xing GL,Ahmedabad,2007,78000,Petrol,Manual,First,0.0 kmpl,1086 CC,62 bhp,5,,C
187,Maruti Swift Dzire VDi,Delhi,2010,111166,Diesel,Manual,First,19.3 kmpl,1248 CC,73.9 bhp,5,,E
188,Hyundai Verna CRDi ABS,Chennai,2007,76000,Diesel,Manual,First,18.1 kmpl,1493 CC,110 bhp,5,,D
189,Audi Q5 2008-2012 2.0 TDI,Coimbatore,2012,94049,Diesel,Automatic,First,12.8 kmpl,1968 CC,167.6 bhp,5,,E
190,BMW X1 sDrive20d,Ahmedabad,2014,47000,Diesel,Automatic,First,17.05 kmpl,1995 CC,184 bhp,5,,D
191,Tata Indica DLS,Chennai,2006,140000,Diesel,Manual,Second,13.5 kmpl,1405 CC,null bhp,5,,E
192,Tata Nano XT,Delhi,2015,20047,Petrol,Manual,First,23.9 kmpl,624 CC,37.48 bhp,4,,A
193,BMW 7 Series 730Ld DPE Signature,Chennai,2017,16000,Diesel,Automatic,First,16.77 kmpl,2993 CC,261.49 bhp,5,1.58 Cr,C
194,Honda Brio 1.2 S MT,Chennai,2012,27000,Petrol,Manual,First,18.5 kmpl,1198 CC,86.8 bhp,5,6.15 Lakh,B
195,Maruti Alto 800 2016-2019 LXI,Mumbai,2018,1001,Petrol,Manual,First,24.7 kmpl,796 CC,47.3 bhp,5,,A
196,Hyundai i20 1.2 Sportz,Kolkata,2010,89312,Petrol,Manual,First,17.0 kmpl,1197 CC,80 bhp,5,,C
197,Hindustan Motors Contessa 2.0 DSL,Pune,1996,65000,Diesel,Manual,Second,14.1 kmpl,1995 CC,null bhp,5,,E
198,Renault Duster 110PS Diesel RxZ,Pune,2012,93000,Diesel,Manual,Second,19.01 kmpl,1461 CC,108.45 bhp,5,,E
199,Maruti Swift Dzire VDI,Kolkata,2013,48000,Diesel,Manual,First,23.4 kmpl,1248 CC,74 bhp,5,,C
200,Maruti Dzire ZDI,Coimbatore,2014,64917,Diesel,Manual,First,28.4 kmpl,1248 CC,73.75 bhp,5,8.95 Lakh,D
201,Honda City i VTEC V,Jaipur,2017,19678,Petrol,Manual,First,17.8 kmpl,1497 CC,117.3 bhp,5,,A
202,Jaguar XF Diesel,Kolkata,2014,12000,Diesel,Automatic,First,14.74 kmpl,2993 CC,270.9 bhp,5,,C
203,BMW 3 Series 320d Luxury Line,Delhi,2014,41309,Diesel,Automatic,First,18.88 kmpl,1995 CC,184 bhp,5,,D
204,BMW 3 Series Luxury Line,Coimbatore,2018,25038,Diesel,Automatic,First,21.76 kmpl,1995 CC,190 bhp,5,62.07 Lakh,C
205,Chevrolet Beat Diesel LS,Coimbatore,2016,68673,Diesel,Manual,First,25.44 kmpl,936 CC,56.3 bhp,5,,D 
206,Mercedes-Benz New C-Class C 220d Avantgarde Edition C,Coimbatore,2018,26343,Diesel,Automatic,First,19.27 kmpl,2143 CC,167.62 bhp,5,,C
207,Maruti Omni E 8 Str STD,Bangalore,2005,81245,Petrol,Manual,Fourth ,16.8 kmpl,796 CC,34.2 bhp,8,,D
208,Nissan Micra Diesel XV,Delhi,2012,62100,Diesel,Manual,First,23.08 kmpl,1461 CC,63.1 bhp,5,,C
209,Volkswagen Vento Petrol Highline,Pune,2013,104000,Petrol,Manual,First,15.04 kmpl,1598 CC,103.6 bhp,5,,C
210,Audi A6 2011-2015 2.0 TDI Premium Plus,Coimbatore,2014,114831,Diesel,Automatic,First,17.68 kmpl,1968 CC,174.33 bhp,5,,E
211,Fiat Linea Dynamic,Mumbai,2010,46000,Petrol,Manual,First,14.6 kmpl,1368 CC,88.7 bhp,5,,B
212,Hyundai Verna 1.6 SX,Jaipur,2014,80000,Diesel,Manual,First,22.32 kmpl,1582 CC,126.32 bhp,5,,D
213,Hyundai i20 Active 1.2 S,Kolkata,2016,9201,Petrol,Manual,First,17.19 kmpl,1197 CC,81.86 bhp,5,,A
214,Honda Brio V MT,Kochi,2013,55311,Petrol,Manual,First,19.4 kmpl,1198 CC,86.8 bhp,5,,C
215,Honda Mobilio RS Option i DTEC,Coimbatore,2015,58217,Diesel,Manual,First,24.5 kmpl,1498 CC,98.6 bhp,7,,D
216,Mitsubishi Pajero Sport 4X4,Delhi,2013,70655,Diesel,Manual,First,13.5 kmpl,2477 CC,175.56 bhp,7,31.93 Lakh,D
217,Hyundai i10 Magna,Kolkata,2015,46000,Petrol,Manual,First,20.36 kmpl,1197 CC,78.9 bhp,5,,C
218,Tata Manza Club Class Quadrajet90 LS,Pune,2014,125000,Diesel,Manual,First,21.02 kmpl,1248 CC,88.8 bhp,5,,E
219,Renault Duster Adventure Edition,Mumbai,2014,59000,Diesel,Manual,First,19.01 kmpl,1461 CC,108.45 bhp,5,,D
220,Hyundai Verna CRDi 1.6 AT SX Plus,Mumbai,2013,66000,Diesel,Automatic,Second,22.0 kmpl,1582 CC,126.2 bhp,5,15.88 Lakh,E
221,Maruti Ritz VDi,Hyderabad,2009,82242,Diesel,Manual,First,21.1 kmpl,1248 CC,73.9 bhp,5,,D
222,Toyota Innova 2.5 V Diesel 8-seater,Hyderabad,2012,107281,Diesel,Manual,First,12.8 kmpl,2494 CC,102 bhp,8,,E
223,Tata Sumo EX 10/7 Str BSII,Chennai,2015,196000,Diesel,Manual,Second,12.2 kmpl,1948 CC,68 bhp,10,,E
224,Audi Q3 35 TDI Quattro Premium Plus,Ahmedabad,2015,75000,Diesel,Automatic,First,15.17 kmpl,1968 CC,181 bhp,5,43.65 Lakh,E
225,Fiat Grande Punto 1.2 Emotion,Kolkata,2011,11791,Petrol,Manual,First,16.2 kmpl,1172 CC,68 bhp,5,,A
226,Hyundai Elantra SX,Ahmedabad,2013,46000,Petrol,Manual,First,16.3 kmpl,1797 CC,147.5 bhp,5,,C
227,Volkswagen Polo Diesel Trendline 1.2L,Pune,2011,81000,Diesel,Manual,Second,22.07 kmpl,1199 CC,73.9 bhp,5,,D
228,Toyota Etios Cross 1.2L G,Coimbatore,2015,46950,Petrol,Manual,First,17.71 kmpl,1197 CC,78.8 bhp,5,8.23 Lakh,C
229,Hyundai Grand i10 Asta Option,Chennai,2017,18000,Petrol,Manual,First,18.9 kmpl,1197 CC,82 bhp,5,,A
230,Mahindra Scorpio S4 7 Seater,Coimbatore,2016,95942,Diesel,Manual,First,15.4 kmpl,2179 CC,120 bhp,7,,D
231,Maruti Ciaz VXi Plus,Kochi,2016,42925,Petrol,Manual,First,20.73 kmpl,1373 CC,91.1 bhp,5,,C
232,Ford Figo Petrol Titanium,Hyderabad,2014,33750,Petrol,Manual,First,15.6 kmpl,1196 CC,70.02 bhp,5,,B
233,Mini Cooper S,Mumbai,2016,14000,Petrol,Automatic,First,13.6 kmpl,1598 CC,181 bhp,4,,B
234,Hyundai Creta 1.6 CRDi SX,Bangalore,2015,29000,Diesel,Manual,First,19.67 kmpl,1582 CC,126.2 bhp,5,,C
235,Mahindra XUV500 W8 2WD,Kochi,2015,67365,Diesel,Manual,First,15.1 kmpl,2179 CC,140 bhp,7,,D
236,Mahindra XUV500 W8 2WD,Coimbatore,2014,67791,Diesel,Manual,First,15.1 kmpl,2179 CC,140 bhp,7,,D
237,Mahindra Thar CRDe AC,Hyderabad,2016,20000,Diesel,Manual,First,16.55 kmpl,2498 CC,105 bhp,6,,C
238,Maruti Swift Dzire VDi,Jaipur,2011,90198,Diesel,Manual,Second,19.3 kmpl,1248 CC,73.9 bhp,5,,D
239,Hyundai i10 Sportz 1.1L,Pune,2010,77000,Petrol,Manual,First,19.81 kmpl,1086 CC,68.05 bhp,5,,C
240,Maruti Ciaz VXi,Kochi,2017,42520,Petrol,Manual,First,20.73 kmpl,1373 CC,91.1 bhp,5,,B
241,Maruti Wagon R LXI DUO BSIII,Jaipur,2009,87829,Petrol,Manual,First,17.3 km/kg,1061 CC,57.5 bhp,5,,C
242,Maruti Baleno Delta CVT,Ahmedabad,2017,21701,Petrol,Automatic,First,21.4 kmpl,1197 CC,83.1 bhp,5,8.57 Lakh,B
243,Maruti Alto LX BSIII,Coimbatore,2008,86033,Petrol,Manual,First,19.7 kmpl,796 CC,46.3 bhp,5,,C
244,Hyundai Xcent 1.2 Kappa S Option,Mumbai,2015,25000,Petrol,Manual,First,19.1 kmpl,1197 CC,81.86 bhp,5,,B
245,Toyota Corolla Altis Diesel D4DG,Kolkata,2011,45000,Diesel,Manual,First,21.43 kmpl,1364 CC,87.2 bhp,5,,C
246,Volkswagen Polo Petrol Highline 1.2L,Coimbatore,2018,22987,Petrol,Manual,First,16.47 kmpl,1198 CC,73.9 bhp,5,,B
247,Hyundai i10 Era,Jaipur,2009,48725,Petrol,Manual,First,19.81 kmpl,1086 CC,68.05 bhp,5,,C
248,Hyundai Grand i10 1.2 Kappa Sportz,Hyderabad,2013,42500,Petrol,Manual,First,18.9 kmpl,1197 CC,81.86 bhp,5,7.19 Lakh,C
249,Hyundai Verna 1.6 SX VTVT (O) AT,Mumbai,2014,35000,Petrol,Automatic,First,17.1 kmpl,1591 CC,121.4 bhp,5,,C
250,Ford Fiesta 1.4 SXi TDCi ABS,Bangalore,2014,56000,Diesel,Manual,Second,17.8 kmpl,1399 CC,68 bhp,5,,C
251,Tata Xenon XT EX 4X2,Hyderabad,2014,10000,Diesel,Manual,First,13.49 kmpl,2179 CC,138.03 bhp,5,,C
252,Maruti Alto K10 2010-2014 VXI,Mumbai,2010,15669,Petrol,Manual,First,20.92 kmpl,998 CC,67.1 bhp,5,,A
253,Audi A6 2011-2015 35 TDI Premium,Kochi,2016,55331,Diesel,Automatic,First,17.68 kmpl,1968 CC,174.33 bhp,5,,D
254,Renault Duster 85PS Diesel RxL Optional,Pune,2015,44535,Diesel,Manual,First,20.46 kmpl,1461 CC,83.8 bhp,5,,C
255,Mahindra Thar 4X4,Delhi,2012,74000,Diesel,Manual,First,16.55 kmpl,2498 CC,105 bhp,7,,D
256,Toyota Innova 2.5 GX (Diesel) 7 Seater,Delhi,2014,77901,Diesel,Manual,First,12.99 kmpl,2494 CC,100.6 bhp,7,,D
257,Maruti Swift Dzire VXi,Kolkata,2010,58186,Petrol,Manual,First,17.5 kmpl,1298 CC,85.8 bhp,5,,C
258,Chevrolet Aveo 1.6 LT,Mumbai,2010,30000,Petrol,Manual,First,14.2 kmpl,1598 CC,102 bhp,5,,B
259,Toyota Etios GD,Bangalore,2012,90000,Diesel,Manual,First,23.59 kmpl,1364 CC,null bhp,5,,D
260,Jaguar XE Portfolio,Coimbatore,2018,14730,Petrol,Automatic,First,13.5 kmpl,1999 CC,246.74 bhp,5,56.98 Lakh,B
261,Maruti Alto LXi,Jaipur,2013,40000,Petrol,Manual,Second,19.7 kmpl,796 CC,46.3 bhp,5,,B
262,Chevrolet Aveo U-VA 1.2 LS,Chennai,2007,88107,Petrol,Manual,Second,15.26 kmpl,1150 CC,74.9 bhp,5,,D
263,Volkswagen Vento 1.5 TDI Highline,Delhi,2012,53226,Diesel,Manual,Second,20.64 kmpl,1498 CC,108.5 bhp,5,14.13 Lakh,D
264,Maruti Swift VDI BSIV,Hyderabad,2013,76000,Diesel,Manual,First,25.2 kmpl,1248 CC,74 bhp,5,,D
265,Toyota Innova 2.5 V Diesel 8-seater,Hyderabad,2008,200000,Diesel,Manual,Second,12.8 kmpl,2494 CC,102 bhp,8,,E
266,Mercedes-Benz E-Class 2009-2013 E250 CDI Avantgarde,Hyderabad,2013,73000,Diesel,Automatic,First,14.21 kmpl,2143 CC,203 bhp,5,,D
267,Hyundai Accent GLE 1,Jaipur,2009,77200,Petrol,Manual,Second,13.2 kmpl,1495 CC,94 bhp,5,,D
268,Audi A4 New 2.0 TDI Multitronic,Delhi,2012,67000,Diesel,Automatic,Second,15.2 kmpl,1968 CC,140.8 bhp,5,,D
269,Chevrolet Tavera LS B3 10 Seats BSIII,Hyderabad,2005,150000,Diesel,Manual,Second,14.8 kmpl,2499 CC,80 bhp,10,,E
270,Mahindra Xylo E8 ABS BS IV,Jaipur,2009,145278,Diesel,Manual,Second,11.68 kmpl,2498 CC,112 bhp,8,,E
271,Hyundai i20 Active SX Diesel,Chennai,2015,62083,Diesel,Manual,First,21.19 kmpl,1396 CC,88.76 bhp,5,11.48 Lakh,D
272,Honda Civic 2006-2010 1.8 V MT,Pune,2010,61696,Petrol,Manual,First,13.5 kmpl,1799 CC,130 bhp,5,,C
273,Ford EcoSport 1.5 Diesel Titanium,Ahmedabad,2017,28000,Diesel,Manual,First,23.0 kmpl,1498 CC,98.96 bhp,5,11.2 Lakh,C
274,Mercedes-Benz New C-Class 220 CDI AT,Coimbatore,2013,50142,Diesel,Automatic,First,14.84 kmpl,2143 CC,170 bhp,5,,D
275,Skoda Superb Elegance 1.8 TSI AT,Mumbai,2014,45000,Petrol,Automatic,First,13.7 kmpl,1798 CC,157.75 bhp,5,,C
276,Skoda Rapid 1.5 TDI Elegance,Pune,2014,97513,Diesel,Manual,First,21.14 kmpl,1498 CC,103.52 bhp,5,,D
277,Mercedes-Benz E-Class 2009-2013 E200 CGI Blue Efficiency,Mumbai,2011,55000,Petrol,Automatic,Second,12.3 kmpl,1796 CC,185 bhp,5,,C
278,Maruti 800 AC,Hyderabad,2004,82000,Petrol,Manual,Second,16.1 kmpl,796 CC,37 bhp,4,,D
279,Maruti Swift LDI,Delhi,2013,71501,Diesel,Manual,First,22.9 kmpl,1248 CC,74 bhp,5,,D
280,Honda BR-V i-DTEC S MT,Hyderabad,2017,23000,Diesel,Manual,First,21.9 kmpl,1498 CC,98.6 bhp,7,14.13 Lakh,C
281,Audi A6 2011-2015 2.0 TDI Technology,Kochi,2015,66095,Diesel,Automatic,First,17.68 kmpl,1968 CC,174.33 bhp,5,,D
282,Toyota Fortuner 3.0 Diesel,Mumbai,2014,49500,Diesel,Manual,First,11.5 kmpl,2982 CC,171 bhp,7,,C
283,Toyota Camry MT with Moonroof,Chennai,2009,90000,Petrol,Manual,First,13.4 kmpl,2362 CC,164.7 bhp,5,,C
284,Maruti Ignis 1.2 Delta,Mumbai,2017,25384,Petrol,Manual,First,20.89 kmpl,1197 CC,81.80 bhp,5,6.41 Lakh,B
285,Hyundai Verna 1.6 VTVT S,Delhi,2016,27529,Petrol,Manual,Second,17.01 kmpl,1591 CC,121.3 bhp,5,,B
286,Honda City V MT,Kochi,2012,69297,Petrol,Manual,First,16.8 kmpl,1497 CC,116.3 bhp,5,,C
287,Honda City 1.5 E MT,Hyderabad,2009,66000,Petrol,Manual,First,17.0 kmpl,1497 CC,118 bhp,5,,C
288,Mahindra Verito 1.5 D4 BSIV,Hyderabad,2012,20000,Diesel,Manual,First,21.03 kmpl,1461 CC,65 bhp,5,9.12 Lakh,C
289,Mercedes-Benz GL-Class 350 CDI Blue Efficiency,Chennai,2015,67000,Diesel,Automatic,First,11.3 kmpl,2987 CC,254.8 bhp,7,,D
290,Hyundai EON D Lite Plus,Coimbatore,2015,36933,Petrol,Manual,First,21.1 kmpl,814 CC,55.2 bhp,5,,B
291,Toyota Innova 2.5 G (Diesel) 8 Seater,Mumbai,2007,194000,Diesel,Manual,First,12.99 kmpl,2494 CC,100.6 bhp,8,,E
292,Maruti Ertiga VDI,Kolkata,2013,42200,Diesel,Manual,First,20.77 kmpl,1248 CC,88.76 bhp,7,,C
293,Audi Q7 3.0 TDI Quattro Premium Plus,Coimbatore,2015,53093,Diesel,Automatic,Second,12.07 kmpl,2967 CC,241.4 bhp,7,,D
294,Honda City 1.5 E MT,Pune,2012,88000,Petrol,Manual,Third,17.0 kmpl,1497 CC,118 bhp,5,,D
295,Maruti Alto K10 LXI,Kochi,2017,42954,Petrol,Manual,First,24.07 kmpl,998 CC,67.1 bhp,5,3.91 Lakh,B
296,Tata Indica V2 eLX,Chennai,2015,106000,Diesel,Manual,First,25.0 kmpl,1396 CC,69 bhp,5,,E
297,BMW 5 Series 2013-2017 520d Luxury Line,Kochi,2015,41700,Diesel,Automatic,First,18.12 kmpl,1995 CC,190 bhp,5,,D
298,Mercedes-Benz New C-Class C 220 CDI Avantgarde,Coimbatore,2018,34464,Diesel,Automatic,First,19.27 kmpl,2143 CC,170 bhp,5,,C
299,Chevrolet Beat LT,Ahmedabad,2010,15000,Petrol,Manual,First,17.8 kmpl,1199 CC,76.8 bhp,5,,C
300,Maruti Zen Estilo LXI BS IV,Pune,2010,70000,Petrol,Manual,Second,19.0 kmpl,998 CC,67.1 bhp,5,,D
301,Mahindra XUV500 W8 4WD,Hyderabad,2017,119256,Diesel,Manual,First,16.0 kmpl,2179 CC,140 bhp,7,,D
302,Honda City 1.5 V MT,Coimbatore,2011,50036,Petrol,Manual,First,17.0 kmpl,1497 CC,118 bhp,5,,B
303,Toyota Innova 2.5 VX (Diesel) 7 Seater,Ahmedabad,2013,58000,Diesel,Manual,First,12.99 kmpl,2494 CC,100.6 bhp,7,,C
304,Hyundai i20 1.2 Magna,Pune,2011,75000,Petrol,Manual,First,18.5 kmpl,1197 CC,80 bhp,5,,B
305,Maruti Alto K10 2010-2014 VXI,Hyderabad,2013,53313,Petrol,Manual,First,20.92 kmpl,998 CC,67.1 bhp,5,,C
306,Toyota Innova 2.5 G (Diesel) 8 Seater,Kolkata,2015,73000,Diesel,Manual,First,12.99 kmpl,2494 CC,100.6 bhp,8,,C
307,Nissan Micra Diesel XV,Kochi,2013,83989,Diesel,Manual,First,23.08 kmpl,1461 CC,63.1 bhp,5,,E
308,Hyundai Creta 1.6 CRDi SX,Chennai,2015,86247,Diesel,Manual,First,19.67 kmpl,1582 CC,126.2 bhp,5,,C
309,Toyota Innova 2.5 G (Diesel) 8 Seater,Mumbai,2016,24000,Diesel,Manual,First,12.99 kmpl,2494 CC,100.6 bhp,8,,C
310,Mercedes-Benz E-Class 2009-2013 E250 CDI Blue Efficiency,Hyderabad,2010,58000,Diesel,Automatic,First,14.21 kmpl,2143 CC,203 bhp,5,,D
311,Hyundai i20 Asta 1.2,Kolkata,2015,33000,Petrol,Manual,First,18.6 kmpl,1197 CC,81.83 bhp,5,,B
312,Honda Accord VTi-L (AT),Hyderabad,2005,100000,Petrol,Automatic,First,11.1 kmpl,2354 CC,142 bhp,5,,C
313,Toyota Innova Crysta 2.4 ZX MT,Hyderabad,2017,65896,Diesel,Manual,First,13.68 kmpl,2393 CC,147.8 bhp,7,25.04 Lakh,C
314,Hyundai i20 Asta Option 1.4 CRDi,Chennai,2016,120000,Diesel,Manual,First,22.54 kmpl,1396 CC,88.73 bhp,5,,E
315,Mahindra Verito Vibe 1.5 dCi D6,Mumbai,2013,26000,Diesel,Manual,First,20.8 kmpl,1461 CC,64.1 bhp,5,8.92 Lakh,C
316,Maruti Eeco 5 Seater AC,Chennai,2012,62300,Petrol,Manual,Second,15.1 kmpl,1196 CC,73 bhp,5,5.01 Lakh,D
317,Toyota Corolla Altis 1.8 G,Kochi,2012,77801,Petrol,Manual,First,14.28 kmpl,1798 CC,138.03 bhp,5,19.01 Lakh,B
318,Toyota Corolla Altis VL AT,Mumbai,2015,42000,Petrol,Automatic,First,14.28 kmpl,1798 CC,138.03 bhp,5,,A
319,Mercedes-Benz A Class A180 Sport,Bangalore,2013,35000,Petrol,Automatic,Second,15.5 kmpl,1595 CC,120.7 bhp,5,,B
320,Hyundai i20 Asta 1.4 CRDi,Kolkata,2016,30134,Diesel,Manual,First,22.54 kmpl,1396 CC,88.73 bhp,5,,B
321,Honda Accord 2.4 M/T,Delhi,2012,79038,Petrol,Manual,First,12.8 kmpl,2354 CC,177.6 bhp,5,,C
322,Honda Accord 2.4 AT,Mumbai,2009,80000,Petrol,Automatic,Second,11.7 kmpl,2354 CC,177.6 bhp,5,,D
323,Mahindra Bolero SLE BSIII,Hyderabad,2012,75000,Diesel,Manual,First,15.96 kmpl,2523 CC,62.1 bhp,7,,D
324,Maruti Ritz LDi,Bangalore,2010,80000,Diesel,Manual,First,21.1 kmpl,1248 CC,73.9 bhp,5,,D
325,Skoda Superb Elegance 1.8 TSI AT,Delhi,2014,84419,Petrol,Automatic,First,13.7 kmpl,1798 CC,157.75 bhp,5,,D
326,Honda Amaze S i-Vtech,Kolkata,2013,70200,Petrol,Manual,First,18.0 kmpl,1198 CC,86.7 bhp,5,,C
327,Volkswagen Vento Petrol Highline,Chennai,2013,98000,Petrol,Manual,Second,15.04 kmpl,1598 CC,103.6 bhp,5,,E
328,Maruti Ritz LDi,Chennai,2016,131503,Diesel,Manual,First,23.2 kmpl,1248 CC,73.94 bhp,5,,E
329,Honda City 1.5 S MT,Jaipur,2011,54652,Petrol,Manual,First,17.0 kmpl,1497 CC,118 bhp,5,,B
330,Volkswagen Jetta 2007-2011 1.6 Trendline,Mumbai,2010,92000,Petrol,Manual,Second,14.0 kmpl,1595 CC,102 bhp,5,,C
331,Ford Figo Petrol ZXI,Kolkata,2010,44287,Petrol,Manual,First,15.6 kmpl,1196 CC,70 bhp,5,,B
332,Toyota Innova 2.5 G (Diesel) 7 Seater,Pune,2015,205000,Diesel,Manual,First,12.99 kmpl,2494 CC,100.6 bhp,7,,E
333,Hyundai Elite i20 Asta Option,Hyderabad,2015,48000,Petrol,Manual,First,18.6 kmpl,1197 CC,81.86 bhp,5,9.45 Lakh,C
334,Mahindra KUV 100 mFALCON D75 K2,Mumbai,2016,18000,Diesel,Manual,First,25.32 kmpl,1198 CC,77 bhp,6,,C
335,Bentley Flying Spur W12,Bangalore,2008,31200,Petrol,Automatic,Second,10.2 kmpl,5998 CC,616 bhp,5,3.75 Cr,A
336,Honda City 1.5 V MT,Pune,2009,72000,Petrol,Manual,First,17.0 kmpl,1497 CC,118 bhp,5,,B
337,Hyundai i20 Magna,Mumbai,2009,85000,Petrol,Manual,First,18.5 kmpl,1197 CC,80 bhp,5,,B
338,Honda City 1.5 V MT,Kolkata,2010,27000,Petrol,Manual,First,17.0 kmpl,1497 CC,118 bhp,5,,A
339,Toyota Fortuner 2.8 2WD MT,Mumbai,2012,126000,Diesel,Manual,First,14.24 kmpl,2755 CC,174.5 bhp,7,35.16 Lakh,D
340,Tata Indica V2 DLS BSIII,Pune,2017,50000,Diesel,Manual,First,17.88 kmpl,1405 CC,48.21 bhp,5,,D
341,Honda Amaze S i-Vtech,Mumbai,2013,58811,Petrol,Manual,Second,18.0 kmpl,1198 CC,86.7 bhp,5,,B
342,Volkswagen Polo Diesel Highline 1.2L,Pune,2013,52196,Diesel,Manual,First,22.07 kmpl,1199 CC,73.9 bhp,5,,C
343,Nissan Micra Active XV,Coimbatore,2017,45105,Petrol,Manual,First,19.69 kmpl,1198 CC,67.04 bhp,5,6.78 Lakh,B
344,Hyundai Grand i10 Sportz,Hyderabad,2015,25160,Petrol,Manual,Second,18.9 kmpl,1197 CC,82 bhp,5,,A
345,Tata Tigor 1.2 Revotron XZ Option,Hyderabad,2017,18000,Petrol,Manual,First,20.3 kmpl,1199 CC,84 bhp,5,,A
346,Honda Accord 2001-2003 2.3 VTI L MT,Bangalore,2007,74000,Petrol,Manual,First,11.9 kmpl,2354 CC,144 bhp,5,,C
347,Mahindra Xylo E4,Chennai,2009,67700,Diesel,Manual,First,14.0 kmpl,2498 CC,112 bhp,7,,D
348,Land Rover Freelander 2 S Business Edition,Kochi,2015,61062,Diesel,Automatic,First,12.39 kmpl,2179 CC,147.51 bhp,5,,E
349,Toyota Innova 2.5 VX (Diesel) 7 Seater,Kolkata,2016,105000,Diesel,Manual,First,12.99 kmpl,2494 CC,100.6 bhp,7,,D
350,Tata Indigo eCS eLX BS IV,Pune,2013,155550,Diesel,Manual,First,25.0 kmpl,1396 CC,69.01 bhp,5,,E
351,Maruti Vitara Brezza VDi Option,Delhi,2016,66000,Diesel,Manual,First,24.3 kmpl,1248 CC,88.5 bhp,5,,D
352,Honda City 1.5 V MT,Kochi,2012,93884,Petrol,Manual,Second,17.0 kmpl,1497 CC,118 bhp,5,,E
353,Fiat Linea Emotion (Diesel),Mumbai,2009,200000,Diesel,Manual,First,20.4 kmpl,1248 CC,91.7 bhp,5,,E
354,Tata Tiago 1.2 Revotron XZ,Kolkata,2016,57200,Petrol,Manual,First,23.84 kmpl,1199 CC,84 bhp,5,6.24 Lakh,D
355,Volkswagen Polo Diesel Comfortline 1.2L,Hyderabad,2013,93568,Diesel,Manual,First,22.07 kmpl,1199 CC,73.9 bhp,5,,C
356,Maruti Wagon R VXI BS IV,Kolkata,2014,54000,Petrol,Manual,First,20.51 kmpl,998 CC,67.04 bhp,5,,C
357,Hyundai Creta 1.6 CRDi AT SX Plus,Bangalore,2016,40571,Diesel,Automatic,First,17.01 kmpl,1582 CC,126.2 bhp,5,,D
358,Audi A4 35 TDI Technology,Hyderabad,2015,59000,Diesel,Automatic,First,18.25 kmpl,1968 CC,187.74 bhp,5,55.61 Lakh,C
359,BMW X1 xDrive 20d xLine,Coimbatore,2017,17273,Diesel,Automatic,First,20.68 kmpl,1995 CC,190 bhp,5,,C
360,Ford Endeavour 3.0L AT 4x2,Mumbai,2011,100077,Diesel,Automatic,Second,11.4 kmpl,2953 CC,153.86 bhp,7,,E
361,Hyundai i10 Magna AT,Kochi,2011,39934,Petrol,Automatic,First,19.2 kmpl,1197 CC,80 bhp,5,,C
362,Maruti Vitara Brezza LDi,Bangalore,2016,46000,Diesel,Manual,First,24.3 kmpl,1248 CC,88.5 bhp,5,9.42 Lakh,D
363,Honda City 1.5 V MT,Coimbatore,2016,30842,Petrol,Manual,First,17.0 kmpl,1497 CC,118 bhp,5,,C
364,Mercedes-Benz New C-Class 200 K AT,Mumbai,2005,65000,Petrol,Automatic,Second,11.7 kmpl,1796 CC,178 bhp,5,,D
365,Volvo XC90 2007-2015 D5 AWD,Bangalore,2016,70000,Diesel,Manual,First,11.1 kmpl,2400 CC,200 bhp,7,,D
366,Toyota Fortuner 3.0 Diesel,Chennai,2011,150152,Diesel,Manual,Second,11.5 kmpl,2982 CC,171 bhp,7,,D
367,Nissan Teana 230jM,Coimbatore,2009,67038,Petrol,Automatic,First,9.1 kmpl,2349 CC,null bhp,5,,D
368,Hyundai Santro Xing GLS CNG,Bangalore,2011,43985,CNG,Manual,First,11.88 km/kg,1086 CC,62.1 bhp,5,,E
369,BMW X6 xDrive30d,Coimbatore,2014,58598,Diesel,Automatic,First,11.2 kmpl,2993 CC,241 bhp,4,,D
370,Tata Indigo CS eVX,Pune,2016,100000,Diesel,Manual,First,25.0 kmpl,1396 CC,69.01 bhp,5,,D
371,Audi Q5 30 TDI quattro Premium Plus,Jaipur,2016,35000,Diesel,Automatic,First,14.16 kmpl,1968 CC,174.3 bhp,5,,C
372,Hyundai i10 Sportz 1.2,Pune,2008,84500,Petrol,Manual,First,20.36 kmpl,1197 CC,78.9 bhp,5,,D
373,Maruti Baleno Delta 1.2,Kolkata,2018,18006,Petrol,Manual,First,21.4 kmpl,1197 CC,83.1 bhp,5,,A
374,Maruti Swift VDI,Hyderabad,2013,99000,Diesel,Manual,First,28.4 kmpl,1248 CC,74 bhp,5,8.44 Lakh,D
375,Maruti Eeco 5 Seater AC,Delhi,2014,51200,Petrol,Manual,First,15.1 kmpl,1196 CC,73 bhp,5,4.56 Lakh,D
376,Toyota Land Cruiser Prado VX L,Pune,2014,130000,Diesel,Automatic,First,11.0 kmpl,2982 CC,170.30 bhp,7,,E
377,Hyundai Tucson 2.0 e-VGT 4WD AT GLS,Ahmedabad,2017,25000,Diesel,Automatic,First,16.38 kmpl,1995 CC,182.46 bhp,5,29.9 Lakh,B
378,Maruti Baleno Delta,Kochi,2017,32352,Petrol,Manual,First,21.4 kmpl,1197 CC,83.1 bhp,5,7.12 Lakh,B
379,Hyundai i10 Sportz 1.2,Bangalore,2011,20000,Petrol,Manual,First,20.36 kmpl,1197 CC,78.9 bhp,5,,A
380,Audi A4 2.0 TDI,Bangalore,2013,46000,Diesel,Automatic,Second,16.55 kmpl,1968 CC,147.51 bhp,5,,D
381,Maruti Dzire AMT ZXI Plus,Mumbai,2018,12500,Petrol,Automatic,First,22.0 kmpl,1197 CC,81.80 bhp,5,9.94 Lakh,B
382,Toyota Innova 2.5 GX 8 STR,Delhi,2011,53138,Diesel,Manual,Third,12.8 kmpl,2494 CC,102 bhp,8,,B
383,Maruti Swift Dzire Tour LDI,Pune,2013,170000,Diesel,Manual,Second,23.4 kmpl,1248 CC,74 bhp,5,,E
384,Maruti Swift LDI,Kolkata,2012,38583,Diesel,Manual,First,22.9 kmpl,1248 CC,74 bhp,5,,B
385,Maruti Wagon R VXI AMT Opt,Hyderabad,2016,26000,Petrol,Automatic,First,22.5 kmpl,998 CC,67 bhp,5,6.44 Lakh,B
386,Hyundai Creta 1.6 SX Plus Dual Tone Petrol,Coimbatore,2017,22865,Petrol,Manual,First,15.29 kmpl,1591 CC,121.3 bhp,5,,B
387,Skoda Laura L and K MT,Kolkata,2013,45000,Diesel,Manual,First,17.5 kmpl,1896 CC,106 bhp,5,,C
388,Maruti Swift LXI Option,Kochi,2017,62889,Petrol,Manual,First,20.4 kmpl,1197 CC,81.80 bhp,5,,C
389,Maruti Omni MPI CARGO BSIV,Pune,2013,153000,Petrol,Manual,First,16.8 kmpl,796 CC,34.2 bhp,5,,E
390,Maruti Swift VDI,Ahmedabad,2016,67000,Diesel,Manual,First,28.4 kmpl,1248 CC,74 bhp,5,7.67 Lakh,C
391,Honda Amaze S AT i-Vtech,Mumbai,2014,39000,Petrol,Automatic,First,15.5 kmpl,1198 CC,86.7 bhp,5,,B
392,Toyota Corolla H2,Chennai,2006,164000,Petrol,Manual,Second,13.4 kmpl,1794 CC,125 bhp,5,,E
393,Maruti Swift Dzire Vdi BSIV,Coimbatore,2018,57178,Diesel,Manual,First,19.3 kmpl,1248 CC,73.9 bhp,5,,C
394,Audi A6 2011-2015 2.0 TDI Premium Plus,Delhi,2013,40000,Diesel,Automatic,First,17.68 kmpl,1968 CC,174.33 bhp,5,,D
395,Chevrolet Spark 1.0 LT,Mumbai,2007,40000,Petrol,Manual,First,18.0 kmpl,995 CC,62 bhp,5,,C
396,Hyundai Verna CRDi ABS,Mumbai,2007,89564,Diesel,Manual,Third,18.1 kmpl,1493 CC,110 bhp,5,,D
397,Maruti Ertiga VXI,Delhi,2012,66727,Petrol,Manual,First,16.02 kmpl,1373 CC,93.7 bhp,7,,C
398,Audi Q3 2012-2015 2.0 TDI Quattro Premium Plus,Mumbai,2013,75000,Diesel,Automatic,Second,15.73 kmpl,1968 CC,174.33 bhp,5,,E
399,Chevrolet Cruze LTZ AT,Coimbatore,2017,31056,Diesel,Automatic,First,14.81 kmpl,1998 CC,163.7 bhp,5,,D
400,Volkswagen Vento Petrol Highline,Pune,2011,61000,Petrol,Manual,First,15.04 kmpl,1598 CC,103.6 bhp,5,,C
401,Hyundai Xcent 1.2 Kappa AT SX Option,Kochi,2016,34782,Petrol,Automatic,First,16.9 kmpl,1197 CC,82 bhp,5,,B
402,Hyundai i10 Sportz 1.2,Coimbatore,2012,31736,Petrol,Manual,First,20.36 kmpl,1197 CC,78.9 bhp,5,,B
403,Nissan Terrano XV D Pre,Pune,2014,75000,Diesel,Manual,First,19.64 kmpl,1461 CC,108.5 bhp,5,16.82 Lakh,C
404,Mahindra Thar CRDe AC,Mumbai,2014,15000,Diesel,Manual,First,16.55 kmpl,2498 CC,105 bhp,6,,C
405,Ford Ecosport 1.5 DV5 MT Ambiente,Coimbatore,2016,38503,Diesel,Manual,First,22.7 kmpl,1498 CC,89.84 bhp,5,,C
406,Honda BRV i-DTEC V MT,Coimbatore,2017,45353,Diesel,Manual,First,21.9 kmpl,1498 CC,98.6 bhp,7,15.59 Lakh,C
407,Land Rover Range Rover HSE,Hyderabad,2015,30000,Diesel,Automatic,First,12.7 kmpl,2179 CC,187.7 bhp,5,,D
408,Toyota Etios G,Pune,2011,69470,Petrol,Manual,Second,17.6 kmpl,1496 CC,88.73 bhp,5,,D
409,Nissan Teana 230jM,Chennai,2008,63288,Petrol,Automatic,First,9.1 kmpl,2349 CC,null bhp,5,,E
410,Volkswagen Polo ALLSTAR 1.2 MPI,Coimbatore,2017,25087,Petrol,Manual,First,16.47 kmpl,1198 CC,74 bhp,5,,B
411,Toyota Innova 2.5 VX (Diesel) 7 Seater BS IV,Hyderabad,2015,134000,Diesel,Manual,First,12.8 kmpl,2494 CC,102 bhp,7,,E
412,Chevrolet Cruze LTZ AT,Coimbatore,2015,54955,Diesel,Automatic,Third,14.81 kmpl,1998 CC,163.7 bhp,5,,D
413,Hyundai Verna CRDi 1.6 SX Option,Mumbai,2017,28000,Diesel,Manual,First,22.0 kmpl,1582 CC,126.2 bhp,5,15.57 Lakh,B
414,Honda Amaze S i-Dtech,Ahmedabad,2015,45250,Diesel,Manual,First,25.8 kmpl,1498 CC,98.6 bhp,5,,C
415,Land Rover Discovery 4 SDV6 SE,Kochi,2012,89190,Diesel,Automatic,Second,11.4 kmpl,2993 CC,245.41 bhp,7,,D
416,Honda City i DTec VX Option BL,Coimbatore,2017,48184,Diesel,Manual,First,26.0 kmpl,1498 CC,98.6 bhp,5,,C
417,Maruti Swift Dzire VDI,Kolkata,2015,42125,Diesel,Manual,First,26.59 kmpl,1248 CC,74 bhp,5,,C
418,Nissan Micra XV CVT,Coimbatore,2017,47052,Petrol,Automatic,First,19.15 kmpl,1198 CC,75.94 bhp,5,9.51 Lakh,D
419,Hyundai i10 Sportz 1.2,Mumbai,2011,67000,Petrol,Manual,Second,20.36 kmpl,1197 CC,78.9 bhp,5,,C
420,Hyundai Santro GLS I - Euro II,Bangalore,2011,43189,Petrol,Manual,First,0.0 kmpl,999 CC,null bhp,5,,B
421,Maruti Swift Dzire VDI,Pune,2015,174889,Diesel,Manual,First,26.59 kmpl,1248 CC,74 bhp,5,,E
422,Maruti Alto LXI,Pune,2004,72135,Petrol,Manual,First,19.7 kmpl,796 CC,46.3 bhp,5,,B
423,Maruti Vitara Brezza ZDi Plus Dual Tone,Delhi,2017,17660,Diesel,Manual,First,24.3 kmpl,1248 CC,88.5 bhp,5,11.75 Lakh,C
424,Honda Accord 2.4 A/T,Pune,2009,120000,Petrol,Automatic,First,11.7 kmpl,2354 CC,177.6 bhp,5,,E
425,Chevrolet Beat LT,Pune,2010,29629,Petrol,Manual,First,18.6 kmpl,1199 CC,76.8 bhp,5,,B
426,Maruti Swift VDI BSIV W ABS,Coimbatore,2016,69564,Diesel,Manual,First,17.8 kmpl,1248 CC,null bhp,5,,C
427,Mercedes-Benz GLC 220d 4MATIC Sport,Kochi,2017,34848,Diesel,Automatic,First,17.9 kmpl,2143 CC,170 bhp,5,63.47 Lakh,D
428,Mahindra Xylo D4 BSIV,Kolkata,2013,61000,Diesel,Manual,First,14.0 kmpl,2498 CC,112 bhp,8,,D
429,Datsun GO Plus T Petrol,Mumbai,2015,21000,Petrol,Manual,First,19.83 kmpl,1198 CC,67 bhp,7,6.7 Lakh,B
430,Jaguar XF 2.2 Litre Luxury,Kochi,2015,27912,Diesel,Automatic,First,16.36 kmpl,2179 CC,187.7 bhp,5,,D
431,Maruti SX4 VDI,Kochi,2013,62909,Diesel,Manual,First,21.5 kmpl,1248 CC,88.8 bhp,5,,D
432,Maruti Celerio VXI,Kochi,2018,33140,Petrol,Manual,First,23.1 kmpl,998 CC,67.04 bhp,5,,C
433,Volkswagen Vento 1.5 TDI Comfortline AT,Hyderabad,2014,75000,Diesel,Automatic,First,21.21 kmpl,1498 CC,103.2 bhp,5,,D
434,Ford EcoSport 1.5 TDCi Titanium,Kochi,2017,25571,Diesel,Manual,First,22.77 kmpl,1498 CC,98.59 bhp,5,,B
435,Hyundai Santro LS zipDrive Euro I,Chennai,2002,120000,Petrol,Manual,Fourth & Above,0.0 kmpl,999 CC,null bhp,5,,D
436,Maruti Ertiga VDI,Kolkata,2016,12020,Diesel,Manual,First,20.77 kmpl,1248 CC,88.76 bhp,7,,A
437,Honda Brio VX AT,Mumbai,2014,36665,Petrol,Automatic,First,16.5 kmpl,1198 CC,86.8 bhp,5,,C
438,Mitsubishi Pajero Sport 4X2 AT,Coimbatore,2018,41502,Diesel,Automatic,First,13.5 kmpl,2477 CC,175.56 bhp,7,34.1 Lakh,D
439,Mercedes-Benz E-Class 2009-2013 E250 CDI Blue Efficiency,Pune,2011,130000,Diesel,Automatic,First,14.21 kmpl,2143 CC,203 bhp,5,,E
440,Maruti Swift VDI Optional,Bangalore,2017,51000,Diesel,Manual,First,25.2 kmpl,1248 CC,74 bhp,5,,C
441,Hyundai Accent GLE,Pune,2008,103000,Petrol,Manual,Second,13.2 kmpl,1495 CC,94 bhp,5,,D
442,Audi A4 2.0 TDI,Delhi,2012,70000,Diesel,Automatic,First,16.55 kmpl,1968 CC,147.51 bhp,5,,D
443,Honda City 1.5 S MT,Delhi,2010,56239,Petrol,Manual,Second,17.0 kmpl,1497 CC,118 bhp,5,,C
444,BMW 3 Series 320d Sport,Ahmedabad,2016,40000,Diesel,Automatic,First,22.69 kmpl,1995 CC,190 bhp,5,,D
445,Renault KWID Climber 1.0 AMT,Kochi,2018,19964,Petrol,Automatic,First,22.5 kmpl,999 CC,67 bhp,5,5.31 Lakh,B
446,Mahindra Bolero VLX CRDe,Coimbatore,2012,72246,Diesel,Manual,First,13.6 kmpl,2523 CC,63 bhp,7,,D
447,Hyundai Creta 1.6 SX Diesel,Kolkata,2018,15000,Diesel,Manual,First,20.5 kmpl,1582 CC,126.2 bhp,5,15.24 Lakh,C
448,Tata Nano XT,Bangalore,2016,14000,Petrol,Manual,Fourth & Above,23.9 kmpl,624 CC,37.48 bhp,4,,B
449,Volkswagen Polo 1.2 MPI Highline,Pune,2016,22764,Petrol,Manual,First,16.2 kmpl,1199 CC,74 bhp,5,,B
450,Volkswagen Passat Diesel Highline 2.0 TDI,Pune,2012,65000,Diesel,Automatic,First,18.33 kmpl,1968 CC,167.7 bhp,5,,D
451,Isuzu MU 7 4x2 HIPACK,Kolkata,2016,45000,Diesel,Manual,First,12.08 kmpl,2999 CC,161 bhp,7,,C
452,Mercedes-Benz E-Class 2015-2017 E250 CDI Avantgarde,Coimbatore,2017,32090,Diesel,Automatic,First,13.0 kmpl,2143 CC,204 bhp,5,,D
453,Mahindra XUV500 W8 2WD,Pune,2014,83000,Diesel,Manual,First,15.1 kmpl,2179 CC,140 bhp,7,,D
454,Mercedes-Benz E-Class 2015-2017 E250 CDI Avantgarde,Delhi,2011,70000,Diesel,Automatic,First,13.0 kmpl,2143 CC,204 bhp,5,,E
455,Mahindra XUV500 W8 2WD,Chennai,2013,68000,Diesel,Manual,First,16.0 kmpl,2179 CC,140 bhp,7,,D
456,Nissan Sunny 2011-2014 XL,Jaipur,2012,105000,Petrol,Manual,First,16.95 kmpl,1498 CC,97.7 bhp,5,,D
457,Hyundai Elantra GT,Hyderabad,2006,88000,Petrol,Manual,First,13.0 kmpl,1795 CC,127 bhp,5,,D
458,Honda Accord VTi-L AT,Mumbai,2007,93000,Petrol,Automatic,Second,11.1 kmpl,2354 CC,142 bhp,5,,D
459,Honda City i DTEC SV,Delhi,2014,107000,Diesel,Manual,First,26.0 kmpl,1498 CC,98.6 bhp,5,,E
460,Toyota Fortuner 4x4 MT,Pune,2011,141844,Diesel,Manual,First,12.55 kmpl,2982 CC,168.5 bhp,7,,E
461,Nissan Micra XV CVT,Coimbatore,2015,32469,Petrol,Automatic,First,19.34 kmpl,1198 CC,76 bhp,5,,C
462,Mahindra XUV500 W6 2WD,Kochi,2015,56318,Diesel,Manual,First,15.1 kmpl,2179 CC,140 bhp,7,,D
463,Mini Cooper 3 DOOR D,Coimbatore,2017,26002,Diesel,Automatic,First,20.7 kmpl,1496 CC,113.98 bhp,4,36.5 Lakh,C
464,Maruti Swift VDI BSIV,Pune,2014,83000,Diesel,Manual,First,25.2 kmpl,1248 CC,74 bhp,5,,D
465,Chevrolet Beat LS,Pune,2010,80000,Petrol,Manual,Second,18.6 kmpl,1199 CC,79.4 bhp,5,,D
466,Maruti Baleno Alpha 1.2,Chennai,2016,56474,Petrol,Manual,Second,21.4 kmpl,1197 CC,83.1 bhp,5,,C
467,Mercedes-Benz B Class B180 Sport,Mumbai,2012,26000,Petrol,Automatic,Second,14.8 kmpl,1595 CC,120.69 bhp,5,37.03 Lakh,B
468,Audi Q5 2008-2012 2.0 TFSI Quattro,Mumbai,2009,49000,Petrol,Automatic,Second,9.74 kmpl,1984 CC,208 bhp,5,,C
469,Skoda Laura 1.9 TDI AT Ambiente,Kochi,2010,64132,Diesel,Automatic,Second,17.0 kmpl,1896 CC,105 bhp,5,,D
470,Hyundai Creta 1.6 CRDi SX Option,Hyderabad,2016,41810,Diesel,Manual,First,19.67 kmpl,1582 CC,126.2 bhp,5,,B
471,BMW 7 Series 730Ld,Mumbai,2013,60000,Diesel,Automatic,First,16.46 kmpl,2993 CC,258 bhp,5,,D
472,Mercedes-Benz M-Class ML 350 4Matic,Coimbatore,2016,22177,Diesel,Automatic,First,0.0 kmpl,2987 CC,165 bhp,5,,C
473,Ford Figo Diesel ZXI,Chennai,2014,100000,Diesel,Manual,First,20.0 kmpl,1399 CC,68.05 bhp,5,,D
474,Skoda Laura Ambiente 2.0 TDI CR AT,Pune,2012,75000,Diesel,Automatic,First,20.0 kmpl,1968 CC,138.1 bhp,5,,D
475,Hyundai i20 1.4 CRDi Magna,Mumbai,2011,68000,Diesel,Manual,First,21.9 kmpl,1396 CC,90 bhp,5,,D
476,Toyota Innova 2.5 G (Diesel) 7 Seater,Kochi,2016,43518,Diesel,Manual,First,12.99 kmpl,2494 CC,100 bhp,7,,C
477,Maruti A-Star AT Vxi Aktiv,Pune,2012,39100,Petrol,Automatic,First,16.98 kmpl,998 CC,66.1 bhp,5,,C
478,Hyundai Verna 1.6 VTVT,Delhi,2011,58000,Petrol,Manual,First,17.01 kmpl,1591 CC,121.3 bhp,5,,C
479,Honda City 1.5 E MT,Mumbai,2010,52000,Petrol,Manual,First,17.0 kmpl,1497 CC,118 bhp,5,,C
480,BMW 3 Series 320d,Jaipur,2014,80000,Diesel,Automatic,First,13.2 kmpl,1995 CC,170 bhp,5,,D
481,Maruti Zen Estilo VXI BSIII,Jaipur,2006,96000,Petrol,Manual,Second,18.2 kmpl,998 CC,67.1 bhp,5,,D
482,Skoda Superb Elegance 1.8 TSI AT,Delhi,2010,63000,Petrol,Automatic,First,13.7 kmpl,1798 CC,157.75 bhp,5,,D
483,Audi Q3 2012-2015 35 TDI Quattro Premium,Hyderabad,2014,50000,Diesel,Automatic,First,15.73 kmpl,1968 CC,174.33 bhp,5,,C
484,Hyundai EON D Lite Plus,Hyderabad,2014,15322,Petrol,Manual,First,21.1 kmpl,814 CC,55.2 bhp,5,,B
485,Honda Brio E MT,Jaipur,2012,47000,Petrol,Manual,First,19.4 kmpl,1198 CC,86.8 bhp,5,,D
486,Volkswagen Vento Diesel Highline,Chennai,2011,76041,Diesel,Manual,First,20.54 kmpl,1598 CC,103.6 bhp,5,,D
487,Hyundai Accent GLE,Kolkata,2009,46000,Petrol,Manual,First,13.2 kmpl,1495 CC,94 bhp,5,,C
488,Mahindra Bolero SLX,Jaipur,2013,160000,Diesel,Manual,Second,15.96 kmpl,2523 CC,62.1 bhp,7,10.86 Lakh,E
489,Maruti Celerio ZDi,Bangalore,2015,17000,Diesel,Manual,Second,27.62 kmpl,793 CC,47 bhp,5,,C
490,Hyundai Grand i10 CRDi Magna,Hyderabad,2014,56000,Diesel,Manual,First,24.0 kmpl,1120 CC,70 bhp,5,,C
491,Hyundai Getz GVS,Mumbai,2005,35000,Petrol,Manual,First,15.3 kmpl,1341 CC,61 bhp,5,,B
492,Toyota Innova 2.5 G (Diesel) 7 Seater,Coimbatore,2015,54278,Diesel,Manual,First,12.99 kmpl,2494 CC,100.6 bhp,7,,C
493,Hyundai Xcent 1.2 CRDi SX,Kolkata,2015,39000,Diesel,Manual,First,25.4 kmpl,1186 CC,73.97 bhp,5,8.85 Lakh,C
494,Audi A6 2011-2015 2.0 TDI Premium Plus,Bangalore,2013,40000,Diesel,Automatic,First,17.68 kmpl,1968 CC,174.33 bhp,5,,C
495,Ford EcoSport 1.5 Ti VCT AT Titanium,Kolkata,2013,41000,Petrol,Automatic,First,15.63 kmpl,1499 CC,110.4 bhp,5,,C
496,BMW 5 Series 530i Sport Line,Kolkata,2011,30342,Petrol,Automatic,First,15.56 kmpl,1998 CC,252 bhp,5,59.12 Lakh,B
497,Honda City ZX GXi,Mumbai,2008,88000,Petrol,Manual,Second,17.7 kmpl,1497 CC,78 bhp,5,,D
498,Maruti Wagon R VXI 1.2,Chennai,2018,9000,Petrol,Manual,First,21.5 kmpl,1197 CC,81.80 bhp,5,5.79 Lakh,A
499,Maruti Swift Dzire VDi,Delhi,2010,70000,Diesel,Manual,First,19.3 kmpl,1248 CC,73.9 bhp,5,,D
500,Volkswagen Polo Petrol Highline 1.2L,Kolkata,2011,46279,Petrol,Manual,First,16.47 kmpl,1198 CC,73.9 bhp,5,,C
501,Maruti Ritz LDi,Pune,2016,105000,Diesel,Manual,Second,23.2 kmpl,1248 CC,73.94 bhp,5,,E
502,Chevrolet Optra Magnum 2.0 LT,Chennai,2011,130000,Diesel,Manual,First,16.52 kmpl,1991 CC,123.7 bhp,5,,E
503,Renault KWID RXL,Jaipur,2017,30000,Petrol,Manual,First,25.17 kmpl,799 CC,53.3 bhp,5,3.96 Lakh,B
504,Volkswagen Jetta 2013-2015 2.0L TDI Highline,Kolkata,2013,54000,Diesel,Manual,First,19.33 kmpl,1968 CC,138.03 bhp,5,,C
505,Ford Figo Diesel Titanium,Jaipur,2010,65000,Diesel,Manual,First,20.0 kmpl,1399 CC,68 bhp,5,,D
506,Maruti Swift Dzire VXi,Hyderabad,2010,70000,Petrol,Manual,First,17.5 kmpl,1298 CC,85.8 bhp,5,,D
507,Mercedes-Benz E-Class 2015-2017 E250 CDI Avantgarde,Pune,2015,46000,Diesel,Automatic,First,13.0 kmpl,2143 CC,204 bhp,5,,C
508,Chevrolet Spark 1.0 LS,Pune,2007,113000,Petrol,Manual,First,18.0 kmpl,995 CC,62 bhp,5,,D
509,Hyundai Grand i10 Sportz,Jaipur,2016,67310,Petrol,Manual,First,18.9 kmpl,1197 CC,82 bhp,5,,C
510,Honda Jazz VX CVT,Pune,2019,1015,Petrol,Automatic,First,19.0 kmpl,1199 CC,88.7 bhp,5,10.55 Lakh,A
511,Honda City 1.5 S MT,Jaipur,2011,83035,Petrol,Manual,Second,17.0 kmpl,1497 CC,118 bhp,5,,D
512,Toyota Innova 2.5 G (Diesel) 7 Seater BS IV,Kolkata,2015,36983,Diesel,Manual,First,12.99 kmpl,2494 CC,100 bhp,7,,B
513,Chevrolet Cruze LTZ,Pune,2010,76000,Diesel,Manual,Third,18.3 kmpl,1991 CC,147.9 bhp,5,,C
514,Skoda Rapid 1.6 MPI AT Style Plus,Coimbatore,2019,14148,Petrol,Automatic,First,14.3 kmpl,1598 CC,103.52 bhp,5,,B
515,Maruti Ritz VDi,Kolkata,2011,71428,Diesel,Manual,First,21.1 kmpl,1248 CC,73.9 bhp,5,,D
516,Maruti Ritz ZXi,Mumbai,2015,10500,Petrol,Manual,Second,18.5 kmpl,1197 CC,85.80 bhp,5,,A
517,Honda City 1.5 S AT,Kochi,2010,58997,Petrol,Automatic,First,16.8 kmpl,1497 CC,118 bhp,5,,D
518,Maruti Celerio VXI,Delhi,2015,39842,Petrol,Manual,First,23.1 kmpl,998 CC,67.04 bhp,5,,C
519,Maruti Alto K10 LXI CNG,Kochi,2015,47490,CNG,Manual,First,32.26 km/kg,998 CC,58.2 bhp,4,,D
520,Tata Indica Vista Aqua 1.2 Safire,Jaipur,2009,45000,Petrol,Manual,First,15.8 kmpl,1172 CC,65 bhp,5,,C
521,Honda City i VTEC V,Hyderabad,2011,80000,Petrol,Manual,First,17.4 kmpl,1497 CC,117.3 bhp,5,,D
522,Toyota Etios Liva Diesel TRD Sportivo,Bangalore,2012,56600,Diesel,Manual,First,23.59 kmpl,,,,,C
523,Skoda Rapid Ultima 1.6 TDI Ambition Plus,Coimbatore,2015,55409,Diesel,Manual,First,20.5 kmpl,1598 CC,103.5 bhp,5,,C
524,Maruti SX4 ZXI AT,Mumbai,2009,77000,Petrol,Automatic,First,12.6 kmpl,1586 CC,103.3 bhp,5,,D
525,Hyundai i20 new Sportz AT 1.4,Bangalore,2012,58000,Petrol,Automatic,Second,15.0 kmpl,,,,,C
526,Maruti Alto 800 LXI,Coimbatore,2016,59491,Petrol,Manual,First,22.74 kmpl,796 CC,47.3 bhp,5,,C
527,Mahindra Scorpio SLX 2.6 Turbo 8 Str,Hyderabad,2007,51000,Diesel,Manual,First,10.5 kmpl,2179 CC,120 bhp,7,,C
528,Maruti Baleno Zeta 1.2,Coimbatore,2017,18725,Petrol,Manual,First,21.4 kmpl,1197 CC,83.1 bhp,5,,B
529,BMW X3 2.5si,Bangalore,2009,92000,Petrol,Automatic,First,11.5 kmpl,2497 CC,218 bhp,5,,D
530,Maruti Ritz VDi,Coimbatore,2013,61450,Diesel,Manual,First,21.1 kmpl,1248 CC,73.9 bhp,5,,C
531,Hyundai EON 1.0 Kappa Magna Plus,Coimbatore,2016,18592,Petrol,Manual,First,20.3 kmpl,998 CC,68.05 bhp,5,,B
532,Chevrolet Enjoy 1.3 TCDi LTZ 7,Bangalore,2013,65137,Diesel,Manual,Second,18.2 kmpl,1248 CC,73.74 bhp,7,,C
533,Volkswagen Polo Diesel Comfortline 1.2L,Pune,2011,83000,Diesel,Manual,Second,22.07 kmpl,1199 CC,73.9 bhp,5,,D
534,Hyundai Verna 1.6 CRDi EX AT,Delhi,2013,37000,Diesel,Automatic,First,22.32 kmpl,1582 CC,126.3 bhp,5,,C
535,Honda BRV i-VTEC V CVT,Coimbatore,2017,14052,Petrol,Automatic,First,16.0 kmpl,1497 CC,117.3 bhp,7,15.73 Lakh,B
536,Hyundai i10 Magna 1.2,Coimbatore,2011,45086,Petrol,Manual,First,20.36 kmpl,1197 CC,78.9 bhp,5,,C
537,Maruti Wagon R VXI BS IV,Bangalore,2016,25400,Petrol,Manual,Second,20.51 kmpl,998 CC,67.04 bhp,5,,D
538,Toyota Innova 2.5 G4 Diesel 8-seater,Hyderabad,2008,194500,Diesel,Manual,First,12.8 kmpl,2494 CC,102 bhp,8,,E
539,Toyota Innova 2.5 V Diesel 8-seater,Pune,2014,89000,Diesel,Manual,First,12.8 kmpl,2494 CC,102 bhp,8,,D
540,Hyundai Verna 1.4 CX,Kolkata,2012,50000,Diesel,Manual,First,23.5 kmpl,1396 CC,88.7 bhp,5,,C
541,Hyundai i20 Sportz AT 1.4,Pune,2012,76551,Petrol,Automatic,First,15.0 kmpl,1396 CC,98.6 bhp,5,,D
542,Volkswagen Polo 1.2 MPI Highline,Mumbai,2017,9700,Petrol,Manual,First,16.2 kmpl,1199 CC,74 bhp,5,,A
543,Hyundai Verna 1.6 EX VTVT,Mumbai,2013,58000,Petrol,Manual,First,17.01 kmpl,1591 CC,121.3 bhp,5,,C
544,Hyundai i20 Magna Optional 1.2,Kolkata,2013,46000,Petrol,Manual,Second,18.5 kmpl,1197 CC,82.9 bhp,5,,C
545,Hyundai Elantra CRDi SX,Bangalore,2014,72017,Diesel,Manual,First,22.7 kmpl,1582 CC,126.24 bhp,5,,D
546,Ford EcoSport 1.5 TDCi Titanium,Kolkata,2015,54407,Diesel,Manual,First,22.77 kmpl,1498 CC,98.59 bhp,5,,D
547,Toyota Innova 2.5 VX (Diesel) 8 Seater,Hyderabad,2012,147000,Diesel,Manual,First,12.99 kmpl,2494 CC,100 bhp,8,,E
548,Audi Q3 35 TDI Quattro Premium Plus,Jaipur,2015,61000,Diesel,Automatic,First,15.73 kmpl,1968 CC,174.33 bhp,5,,D
549,Skoda Rapid 1.6 MPI AT Style,Mumbai,2016,18856,Petrol,Automatic,First,14.3 kmpl,1598 CC,103.52 bhp,5,,B
550,BMW X6 xDrive30d,Hyderabad,2011,76000,Diesel,Automatic,First,11.2 kmpl,2993 CC,241 bhp,4,,D
551,Mahindra KUV 100 D75 K8 5Str,Delhi,2017,17700,Diesel,Manual,First,25.32 kmpl,1198 CC,77 bhp,5,8.91 Lakh,B
552,Nissan Micra Diesel XV,Kochi,2014,82267,Diesel,Manual,First,23.08 kmpl,1461 CC,63.1 bhp,5,,D
553,Honda City i VTEC CVT VX,Kochi,2018,27041,Petrol,Automatic,First,18.0 kmpl,1497 CC,117.3 bhp,5,,B
554,Maruti Alto K10 VXI,Bangalore,2014,63000,Petrol,Manual,Second,24.07 kmpl,998 CC,67.1 bhp,5,4.7 Lakh,C
555,Maruti Wagon R VXI Minor,Hyderabad,2008,61000,Petrol,Manual,First,18.9 kmpl,1061 CC,67 bhp,5,,C
556,Mahindra TUV 300 2015-2019 T8,Kochi,2018,28466,Diesel,Manual,First,18.49 kmpl,1493 CC,100 bhp,7,,B
557,Hyundai Santro LS zipPlus,Kolkata,2002,80000,Petrol,Manual,First,0.0 kmpl,1086 CC,null bhp,5,,D
558,Hyundai EON Era Plus,Delhi,2013,35373,Petrol,Manual,First,21.1 kmpl,814 CC,55.2 bhp,5,,C
559,Tata New Safari DICOR 2.2 EX 4x2,Jaipur,2014,51000,Diesel,Manual,First,11.57 kmpl,2179 CC,138.1 bhp,7,,C
560,Audi A6 2011-2015 2.0 TDI,Mumbai,2013,49000,Diesel,Automatic,First,17.68 kmpl,1968 CC,174.33 bhp,5,,C
561,Nissan Sunny Diesel XV,Kolkata,2015,41000,Diesel,Manual,First,22.71 kmpl,1461 CC,84.8 bhp,5,,C
562,Toyota Innova 2.5 G4 Diesel 7-seater,Bangalore,2011,82831,Diesel,Manual,Second,12.8 kmpl,2494 CC,102 bhp,7,,D
563,Honda City 1.5 E MT,Mumbai,2010,52000,Petrol,Manual,First,17.0 kmpl,1497 CC,118 bhp,5,,C
564,Maruti Swift VDI BSIV,Hyderabad,2015,39736,Diesel,Manual,First,25.2 kmpl,1248 CC,74 bhp,5,,C
565,Renault Duster 110PS Diesel RxL,Mumbai,2014,26500,Diesel,Manual,First,19.01 kmpl,1461 CC,108.45 bhp,5,,C
566,Maruti Dzire VXI,Mumbai,2010,40000,Petrol,Manual,First,22.0 kmpl,1197 CC,81.80 bhp,5,7.67 Lakh,C
567,Jeep Compass 2.0 Limited Option 4X4,Coimbatore,2019,5752,Diesel,Manual,First,16.3 kmpl,1956 CC,170 bhp,5,27.56 Lakh,B
568,Nissan Terrano XV D Pre,Chennai,2015,54000,Diesel,Manual,Second,19.64 kmpl,1461 CC,108.5 bhp,5,17 Lakh,C
569,Maruti Wagon R LXI,Kolkata,2014,54841,Petrol,Manual,First,22.5 kmpl,998 CC,67.04 bhp,5,4.75 Lakh,B
570,Ford Ecosport 1.5 DV5 MT Titanium,Hyderabad,2014,34000,Diesel,Manual,First,22.7 kmpl,1498 CC,89.84 bhp,5,,B
571,Honda Brio E MT,Ahmedabad,2012,16000,Petrol,Manual,First,19.4 kmpl,1198 CC,86.8 bhp,5,,A
572,Ford Fiesta 1.4 SXi TDCi,Pune,2009,134000,Diesel,Manual,First,17.8 kmpl,1399 CC,null bhp,5,,E
573,Skoda Superb L&K 2.0 TDI AT,Mumbai,2017,24000,Diesel,Automatic,First,18.19 kmpl,1968 CC,174.5 bhp,5,40.73 Lakh,B
574,Mahindra Xylo E8,Bangalore,2013,60000,Diesel,Manual,First,14.0 kmpl,2498 CC,112 bhp,8,,C
575,Hyundai EON 1.0 Era Plus,Kochi,2015,58469,Petrol,Manual,First,20.3 kmpl,998 CC,68.05 bhp,5,,C
576,Volkswagen Polo Diesel Highline 1.2L,Pune,2011,110000,Diesel,Manual,Second,22.07 kmpl,1199 CC,73.9 bhp,5,,E
577,Hyundai Elantra 2.0 SX Option AT,Kochi,2018,21127,Petrol,Automatic,First,14.62 kmpl,1999 CC,149.92 bhp,5,21.77 Lakh,B
578,Toyota Innova 2.0 V,Pune,2013,56000,Petrol,Manual,First,12.4 kmpl,1998 CC,132 bhp,8,,C
579,Mahindra Xylo H9,Mumbai,2014,101000,Diesel,Manual,First,14.02 kmpl,2179 CC,118.3 bhp,8,,D
580,Hyundai i20 1.2 Magna Executive,Hyderabad,2018,13664,Petrol,Manual,First,18.6 kmpl,1197 CC,81.83 bhp,5,,A
581,Renault Duster Adventure Edition,Mumbai,2014,65371,Diesel,Manual,First,19.01 kmpl,1461 CC,108.45 bhp,5,,C
582,Hyundai Verna VTVT 1.6 SX,Delhi,2014,70428,Petrol,Manual,First,17.0 kmpl,1591 CC,121.3 bhp,5,11.47 Lakh,C
583,Hyundai Verna 1.6 CRDI,Bangalore,2012,69010,Diesel,Manual,First,22.32 kmpl,1582 CC,126.3 bhp,5,,D
584,Maruti Alto 800 2016-2019 LXI,Kolkata,2017,68000,Petrol,Manual,First,24.7 kmpl,796 CC,47.3 bhp,5,,C
585,Nissan Sunny 2011-2014 Diesel XL,Kolkata,2012,45000,Diesel,Manual,First,21.64 kmpl,1461 CC,84.8 bhp,5,,B
586,Maruti Swift Dzire Vdi BSIV,Ahmedabad,2017,55945,Diesel,Manual,First,19.3 kmpl,1248 CC,73.9 bhp,5,,C
587,Chevrolet Sail Hatchback LS ABS,Hyderabad,2013,70000,Diesel,Manual,First,22.1 kmpl,1248 CC,76.9 bhp,5,,D
588,Maruti Wagon R LXI,Mumbai,2014,12000,Petrol,Manual,First,18.9 kmpl,998 CC,67.1 bhp,5,,A
589,Toyota Corolla Altis VL AT,Coimbatore,2019,10660,Petrol,Automatic,First,14.28 kmpl,1798 CC,138.03 bhp,5,,B
590,Toyota Etios G,Delhi,2012,52052,Petrol,Manual,First,16.78 kmpl,1496 CC,88.73 bhp,5,,C
591,Mercedes-Benz New C-Class 220 CDI AT,Chennai,2012,62940,Diesel,Automatic,Second,14.84 kmpl,2143 CC,170 bhp,5,,D
592,Hyundai Santro Xing GL Plus,Kolkata,2012,102000,Petrol,Manual,First,17.92 kmpl,1086 CC,62.1 bhp,5,,E
593,Volkswagen Vento Diesel Highline,Chennai,2012,60000,Diesel,Manual,First,20.54 kmpl,1598 CC,103.6 bhp,5,,D
594,Nissan Sunny 2011-2014 XL AT Special Edition,Pune,2013,66000,Petrol,Automatic,First,17.97 kmpl,1498 CC,99.6 bhp,5,,D
595,Honda Brio 1.2 VX MT,Hyderabad,2012,41000,Petrol,Manual,First,18.5 kmpl,1198 CC,86.8 bhp,5,7.08 Lakh,B
596,Honda CR-V 2.4 4WD AT,Chennai,2005,135000,Petrol,Automatic,Third,10.1 kmpl,2354 CC,152 bhp,5,,E
597,Honda City 1.5 S AT,Pune,2012,72000,Petrol,Automatic,First,16.8 kmpl,1497 CC,116.4 bhp,5,,D
598,Mercedes-Benz New C-Class C 220 CDI Celebration Edition,Delhi,2014,55000,Diesel,Automatic,First,11.78 kmpl,2143 CC,167.62 bhp,5,,C
